model,format,subset,n_questions,n_answers,accuracy,ci_lo,ci_hi,seed1,seed2,seed3
haiku,json-compact,overall,244,732,0.6107,0.5519,0.6694,0.6025,0.623,0.6066
haiku,json-compact,track:flat,109,327,0.474,0.3853,0.5657,0.4587,0.4862,0.4771
haiku,json-compact,shape:structural-validation,5,15,0.6,0.2,1.0,0.6,0.6,0.6
haiku,json-compact,type:structural-validation,5,15,0.6,0.2,1.0,0.6,0.6,0.6
haiku,json-compact,shape:uniform-tables,104,312,0.4679,0.375,0.5609,0.4519,0.4808,0.4712
haiku,json-compact,type:filtering,48,144,0.1528,0.0694,0.2431,0.1667,0.1458,0.1458
haiku,json-compact,overall-excl-structural,239,717,0.6109,0.5537,0.6695,0.6025,0.6234,0.6067
haiku,json-compact,type:field-retrieval,92,276,0.9964,0.9891,1.0,0.9891,1.0,1.0
haiku,json-compact,track:mixed,135,405,0.721,0.6494,0.7901,0.7185,0.7333,0.7111
haiku,json-compact,shape:mixed,106,318,0.673,0.5849,0.7579,0.6792,0.6792,0.6604
haiku,json-compact,type:structure-awareness,36,108,0.8056,0.6852,0.9167,0.8056,0.8056,0.8056
haiku,json-compact,type:aggregation,63,189,0.2857,0.1852,0.3915,0.254,0.3333,0.2698
haiku,json-compact,shape:nested-config,29,87,0.8966,0.8046,0.9655,0.8621,0.931,0.8966
haiku,json-compact,informative,64,192,0.3125,0.224,0.4062,0.2812,0.3594,0.2969
haiku,toon,overall,244,732,0.6462,0.5888,0.7036,0.6311,0.6557,0.6516
haiku,toon,track:flat,109,327,0.5107,0.422,0.6024,0.4954,0.5229,0.5138
haiku,toon,shape:structural-validation,5,15,1.0,1.0,1.0,1.0,1.0,1.0
haiku,toon,type:structural-validation,5,15,1.0,1.0,1.0,1.0,1.0,1.0
haiku,toon,shape:uniform-tables,104,312,0.4872,0.3974,0.5801,0.4712,0.5,0.4904
haiku,toon,type:filtering,48,144,0.1806,0.0903,0.2778,0.1667,0.1875,0.1875
haiku,toon,overall-excl-structural,239,717,0.6388,0.5774,0.6974,0.6234,0.6485,0.6444
haiku,toon,type:field-retrieval,92,276,0.9964,0.9891,1.0,0.9891,1.0,1.0
haiku,toon,track:mixed,135,405,0.7556,0.684,0.8222,0.7407,0.763,0.763
haiku,toon,shape:mixed,106,318,0.7107,0.6226,0.7925,0.6981,0.717,0.717
haiku,toon,type:structure-awareness,36,108,0.9074,0.8148,0.9815,0.8611,0.9444,0.9167
haiku,toon,type:aggregation,63,189,0.3122,0.2063,0.4233,0.3016,0.3175,0.3175
haiku,toon,shape:nested-config,29,87,0.9195,0.8506,0.977,0.8966,0.931,0.931
haiku,toon,informative,64,192,0.4479,0.3438,0.5521,0.3906,0.4844,0.4688
haiku,edn-maps,overall,244,732,0.6079,0.5478,0.668,0.6107,0.6189,0.5943
haiku,edn-maps,track:flat,109,327,0.4679,0.3761,0.5566,0.4771,0.4771,0.4495
haiku,edn-maps,shape:structural-validation,5,15,0.4,0.0,0.8,0.4,0.4,0.4
haiku,edn-maps,type:structural-validation,5,15,0.4,0.0,0.8,0.4,0.4,0.4
haiku,edn-maps,shape:uniform-tables,104,312,0.4712,0.3782,0.5609,0.4808,0.4808,0.4519
haiku,edn-maps,type:filtering,48,144,0.1667,0.0833,0.2639,0.1875,0.1667,0.1458
haiku,edn-maps,overall-excl-structural,239,717,0.6123,0.5523,0.6709,0.6151,0.6234,0.5983
haiku,edn-maps,type:field-retrieval,92,276,1.0,1.0,1.0,1.0,1.0,1.0
haiku,edn-maps,track:mixed,135,405,0.721,0.6469,0.7926,0.7185,0.7333,0.7111
haiku,edn-maps,shape:mixed,106,318,0.6635,0.5755,0.7484,0.6698,0.6792,0.6415
haiku,edn-maps,type:structure-awareness,36,108,0.787,0.6574,0.8981,0.8333,0.8056,0.7222
haiku,edn-maps,type:aggregation,63,189,0.2857,0.1799,0.3968,0.254,0.3175,0.2857
haiku,edn-maps,shape:nested-config,29,87,0.931,0.8391,1.0,0.8966,0.931,0.9655
haiku,edn-maps,informative,64,192,0.3021,0.2134,0.3958,0.3125,0.3438,0.25
haiku,edn-table,overall,244,732,0.623,0.5642,0.6803,0.6189,0.623,0.627
haiku,edn-table,track:flat,109,327,0.4924,0.4006,0.581,0.4954,0.4954,0.4862
haiku,edn-table,shape:structural-validation,5,15,0.6,0.2,1.0,0.6,0.6,0.6
haiku,edn-table,type:structural-validation,5,15,0.6,0.2,1.0,0.6,0.6,0.6
haiku,edn-table,shape:uniform-tables,104,312,0.4872,0.3974,0.5769,0.4904,0.4904,0.4808
haiku,edn-table,type:filtering,48,144,0.1806,0.1042,0.2708,0.2083,0.125,0.2083
haiku,edn-table,overall-excl-structural,239,717,0.6234,0.5649,0.6806,0.6192,0.6234,0.6276
haiku,edn-table,type:field-retrieval,92,276,0.9891,0.971,1.0,0.9891,0.9891,0.9891
haiku,edn-table,track:mixed,135,405,0.7284,0.6593,0.7951,0.7185,0.7259,0.7407
haiku,edn-table,shape:mixed,106,318,0.673,0.5912,0.7547,0.6698,0.6698,0.6792
haiku,edn-table,type:structure-awareness,36,108,0.8426,0.7407,0.9352,0.8611,0.8611,0.8056
haiku,edn-table,type:aggregation,63,189,0.3016,0.1958,0.4074,0.254,0.3333,0.3175
haiku,edn-table,shape:nested-config,29,87,0.931,0.8391,0.9885,0.8966,0.931,0.9655
haiku,edn-table,informative,64,192,0.3594,0.2708,0.4479,0.3438,0.3594,0.375
haiku,edn-table-primer,overall,244,732,0.6189,0.5615,0.6776,0.627,0.623,0.6066
haiku,edn-table-primer,track:flat,109,327,0.4924,0.4006,0.581,0.4954,0.5046,0.4771
haiku,edn-table-primer,shape:structural-validation,5,15,0.6,0.2,1.0,0.6,0.6,0.6
haiku,edn-table-primer,type:structural-validation,5,15,0.6,0.2,1.0,0.6,0.6,0.6
haiku,edn-table-primer,shape:uniform-tables,104,312,0.4872,0.3942,0.5801,0.4904,0.5,0.4712
haiku,edn-table-primer,type:filtering,48,144,0.1736,0.0903,0.2708,0.2083,0.1458,0.1667
haiku,edn-table-primer,overall-excl-structural,239,717,0.6192,0.5607,0.6778,0.6276,0.6234,0.6067
haiku,edn-table-primer,type:field-retrieval,92,276,0.9891,0.971,1.0,0.9891,0.9891,0.9891
haiku,edn-table-primer,track:mixed,135,405,0.721,0.6494,0.7901,0.7333,0.7185,0.7111
haiku,edn-table-primer,shape:mixed,106,318,0.6667,0.5818,0.7484,0.6981,0.6604,0.6415
haiku,edn-table-primer,type:structure-awareness,36,108,0.8426,0.7315,0.9444,0.8889,0.8611,0.7778
haiku,edn-table-primer,type:aggregation,63,189,0.291,0.1905,0.3968,0.2698,0.3175,0.2857
haiku,edn-table-primer,shape:nested-config,29,87,0.9195,0.8276,0.9885,0.8621,0.931,0.9655
haiku,edn-table-primer,informative,64,192,0.3438,0.2552,0.4375,0.375,0.3594,0.2969
haiku,csv,overall,109,327,0.5138,0.4251,0.5994,0.4862,0.5505,0.5046
haiku,csv,track:flat,109,327,0.5138,0.4251,0.5994,0.4862,0.5505,0.5046
haiku,csv,shape:structural-validation,5,15,0.8,0.4,1.0,0.8,0.8,0.8
haiku,csv,type:structural-validation,5,15,0.8,0.4,1.0,0.8,0.8,0.8
haiku,csv,shape:uniform-tables,104,312,0.5,0.4135,0.5897,0.4712,0.5385,0.4904
haiku,csv,type:filtering,27,81,0.1111,0.0494,0.1728,0.0741,0.1481,0.1111
haiku,csv,overall-excl-structural,104,312,0.5,0.4103,0.5866,0.4712,0.5385,0.4904
haiku,csv,type:field-retrieval,32,96,0.9896,0.9688,1.0,1.0,1.0,0.9688
haiku,csv,type:structure-awareness,16,48,0.8333,0.6458,1.0,0.8125,0.875,0.8125
haiku,csv,type:aggregation,29,87,0.1379,0.046,0.2529,0.069,0.2069,0.1379
haiku,csv,informative,31,93,0.4194,0.2796,0.5699,0.3226,0.4839,0.4516
haiku,edn-table-lines,overall,135,405,0.7309,0.6617,0.7975,0.7111,0.7481,0.7333
haiku,edn-table-lines,type:filtering,21,63,0.381,0.2063,0.5556,0.3333,0.381,0.4286
haiku,edn-table-lines,overall-excl-structural,135,405,0.7309,0.6617,0.7951,0.7111,0.7481,0.7333
haiku,edn-table-lines,type:field-retrieval,60,180,0.9944,0.9833,1.0,0.9833,1.0,1.0
haiku,edn-table-lines,track:mixed,135,405,0.7309,0.6617,0.7975,0.7111,0.7481,0.7333
haiku,edn-table-lines,shape:mixed,106,318,0.6824,0.6006,0.7642,0.6698,0.6981,0.6792
haiku,edn-table-lines,type:structure-awareness,20,60,0.8167,0.6667,0.95,0.85,0.85,0.75
haiku,edn-table-lines,type:aggregation,34,102,0.4314,0.2843,0.5784,0.3824,0.4706,0.4412
haiku,edn-table-lines,shape:nested-config,29,87,0.908,0.8161,0.977,0.8621,0.931,0.931
haiku,edn-table-lines,informative,33,99,0.3737,0.2626,0.4848,0.303,0.4242,0.3939
sonnet,json-compact,overall,244,732,0.6434,0.5861,0.7008,0.627,0.6516,0.6516
sonnet,json-compact,track:flat,109,327,0.4862,0.3945,0.578,0.4771,0.5046,0.4771
sonnet,json-compact,shape:structural-validation,5,15,0.6,0.2,1.0,0.6,0.6,0.6
sonnet,json-compact,type:structural-validation,5,15,0.6,0.2,1.0,0.6,0.6,0.6
sonnet,json-compact,shape:uniform-tables,104,312,0.4808,0.3878,0.5737,0.4712,0.5,0.4712
sonnet,json-compact,type:filtering,48,144,0.2222,0.1319,0.3194,0.1875,0.25,0.2292
sonnet,json-compact,overall-excl-structural,239,717,0.6444,0.5872,0.7001,0.6276,0.6527,0.6527
sonnet,json-compact,type:field-retrieval,92,276,0.9964,0.9891,1.0,0.9891,1.0,1.0
sonnet,json-compact,track:mixed,135,405,0.7704,0.7062,0.8321,0.7481,0.7704,0.7926
sonnet,json-compact,shape:mixed,106,318,0.7107,0.6321,0.7862,0.6887,0.7075,0.7358
sonnet,json-compact,type:structure-awareness,36,108,0.8148,0.6944,0.9167,0.8056,0.8056,0.8333
sonnet,json-compact,type:aggregation,63,189,0.3545,0.2487,0.4656,0.3333,0.3651,0.3651
sonnet,json-compact,shape:nested-config,29,87,0.9885,0.9655,1.0,0.9655,1.0,1.0
sonnet,json-compact,informative,67,201,0.3582,0.2736,0.4478,0.2985,0.3881,0.3881
sonnet,toon,overall,244,732,0.6735,0.6189,0.7268,0.6844,0.6762,0.6598
sonnet,toon,track:flat,109,327,0.5352,0.4465,0.6239,0.5505,0.5505,0.5046
sonnet,toon,shape:structural-validation,5,15,1.0,1.0,1.0,1.0,1.0,1.0
sonnet,toon,type:structural-validation,5,15,1.0,1.0,1.0,1.0,1.0,1.0
sonnet,toon,shape:uniform-tables,104,312,0.5128,0.4231,0.5994,0.5288,0.5288,0.4808
sonnet,toon,type:filtering,48,144,0.2083,0.1181,0.3056,0.2083,0.2292,0.1875
sonnet,toon,overall-excl-structural,239,717,0.6667,0.6095,0.7211,0.6778,0.6695,0.6527
sonnet,toon,type:field-retrieval,92,276,0.9783,0.9529,0.9964,0.9674,0.9674,1.0
sonnet,toon,track:mixed,135,405,0.7852,0.7185,0.8469,0.7926,0.7778,0.7852
sonnet,toon,shape:mixed,106,318,0.7296,0.6478,0.8082,0.7453,0.717,0.7264
sonnet,toon,type:structure-awareness,36,108,0.9259,0.8333,1.0,0.9444,0.9167,0.9167
sonnet,toon,type:aggregation,63,189,0.4127,0.3016,0.5238,0.4603,0.4286,0.3492
sonnet,toon,shape:nested-config,29,87,0.9885,0.9655,1.0,0.9655,1.0,1.0
sonnet,toon,informative,67,201,0.4677,0.3731,0.5622,0.5075,0.4776,0.4179
sonnet,edn-maps,overall,244,732,0.6489,0.5915,0.7036,0.6434,0.6639,0.6393
sonnet,edn-maps,track:flat,109,327,0.4985,0.4128,0.5872,0.4771,0.5321,0.4862
sonnet,edn-maps,shape:structural-validation,5,15,0.4,0.0,0.8,0.4,0.4,0.4
sonnet,edn-maps,type:structural-validation,5,15,0.4,0.0,0.8,0.4,0.4,0.4
sonnet,edn-maps,shape:uniform-tables,104,312,0.5032,0.4167,0.5929,0.4808,0.5385,0.4904
sonnet,edn-maps,type:filtering,48,144,0.2708,0.1736,0.375,0.2083,0.3333,0.2708
sonnet,edn-maps,overall-excl-structural,239,717,0.6541,0.5969,0.7085,0.6485,0.6695,0.6444
sonnet,edn-maps,type:field-retrieval,92,276,0.9964,0.9891,1.0,1.0,0.9891,1.0
sonnet,edn-maps,track:mixed,135,405,0.7704,0.7012,0.8346,0.7778,0.7704,0.763
sonnet,edn-maps,shape:mixed,106,318,0.7075,0.6226,0.7862,0.717,0.7075,0.6981
sonnet,edn-maps,type:structure-awareness,36,108,0.8241,0.7037,0.9259,0.8333,0.8056,0.8333
sonnet,edn-maps,type:aggregation,63,189,0.3492,0.2434,0.4656,0.3651,0.381,0.3016
sonnet,edn-maps,shape:nested-config,29,87,1.0,1.0,1.0,1.0,1.0,1.0
sonnet,edn-maps,informative,67,201,0.3781,0.2886,0.4677,0.3582,0.4328,0.3433
sonnet,edn-table,overall,244,732,0.6489,0.5915,0.7049,0.6475,0.6598,0.6393
sonnet,edn-table,track:flat,109,327,0.4954,0.4067,0.5872,0.4954,0.4954,0.4954
sonnet,edn-table,shape:structural-validation,5,15,0.6,0.2,1.0,0.6,0.6,0.6
sonnet,edn-table,type:structural-validation,5,15,0.6,0.2,1.0,0.6,0.6,0.6
sonnet,edn-table,shape:uniform-tables,104,312,0.4904,0.4006,0.5833,0.4904,0.4904,0.4904
sonnet,edn-table,type:filtering,48,144,0.2292,0.1389,0.3264,0.1667,0.3125,0.2083
sonnet,edn-table,overall-excl-structural,239,717,0.6499,0.5927,0.7071,0.6485,0.6611,0.6402
sonnet,edn-table,type:field-retrieval,92,276,0.9928,0.9783,1.0,0.9891,0.9891,1.0
sonnet,edn-table,track:mixed,135,405,0.7728,0.7062,0.837,0.7704,0.7926,0.7556
sonnet,edn-table,shape:mixed,106,318,0.7107,0.6289,0.7893,0.7075,0.7358,0.6887
sonnet,edn-table,type:structure-awareness,36,108,0.8426,0.7222,0.9444,0.8611,0.8333,0.8333
sonnet,edn-table,type:aggregation,63,189,0.3598,0.2487,0.4709,0.3968,0.3492,0.3333
sonnet,edn-table,shape:nested-config,29,87,1.0,1.0,1.0,1.0,1.0,1.0
sonnet,edn-table,informative,67,201,0.3781,0.2836,0.4726,0.3731,0.4179,0.3433
sonnet,edn-table-primer,overall,244,732,0.6475,0.5915,0.7036,0.6393,0.6475,0.6557
sonnet,edn-table-primer,track:flat,109,327,0.4893,0.4006,0.581,0.4954,0.4587,0.5138
sonnet,edn-table-primer,shape:structural-validation,5,15,0.6,0.2,1.0,0.6,0.6,0.6
sonnet,edn-table-primer,type:structural-validation,5,15,0.6,0.2,1.0,0.6,0.6,0.6
sonnet,edn-table-primer,shape:uniform-tables,104,312,0.484,0.391,0.5769,0.4904,0.4519,0.5096
sonnet,edn-table-primer,type:filtering,48,144,0.2153,0.125,0.3125,0.2083,0.2083,0.2292
sonnet,edn-table-primer,overall-excl-structural,239,717,0.6485,0.5914,0.7057,0.6402,0.6485,0.6569
sonnet,edn-table-primer,type:field-retrieval,92,276,0.9891,0.971,1.0,0.9783,0.9891,1.0
sonnet,edn-table-primer,track:mixed,135,405,0.7753,0.7086,0.8395,0.7556,0.8,0.7704
sonnet,edn-table-primer,shape:mixed,106,318,0.7201,0.6352,0.7956,0.6981,0.7453,0.717
sonnet,edn-table-primer,type:structure-awareness,36,108,0.8704,0.7685,0.9537,0.8889,0.8889,0.8333
sonnet,edn-table-primer,type:aggregation,63,189,0.3545,0.2434,0.4709,0.3333,0.3492,0.381
sonnet,edn-table-primer,shape:nested-config,29,87,0.977,0.931,1.0,0.9655,1.0,0.9655
sonnet,edn-table-primer,informative,67,201,0.3731,0.2836,0.4726,0.3433,0.3731,0.403
sonnet,csv,overall,109,327,0.5046,0.4128,0.5933,0.5046,0.5138,0.4954
sonnet,csv,track:flat,109,327,0.5046,0.4098,0.5994,0.5046,0.5138,0.4954
sonnet,csv,shape:structural-validation,5,15,0.8,0.4,1.0,0.8,0.8,0.8
sonnet,csv,type:structural-validation,5,15,0.8,0.4,1.0,0.8,0.8,0.8
sonnet,csv,shape:uniform-tables,104,312,0.4904,0.3974,0.5833,0.4904,0.5,0.4808
sonnet,csv,type:filtering,27,81,0.0741,0.0123,0.1605,0.037,0.1111,0.0741
sonnet,csv,overall-excl-structural,104,312,0.4904,0.3974,0.5833,0.4904,0.5,0.4808
sonnet,csv,type:field-retrieval,32,96,1.0,1.0,1.0,1.0,1.0,1.0
sonnet,csv,type:structure-awareness,16,48,0.8542,0.6667,1.0,0.875,0.875,0.8125
sonnet,csv,type:aggregation,29,87,0.1149,0.0115,0.2299,0.1379,0.1034,0.1034
sonnet,csv,informative,37,111,0.3784,0.2342,0.5225,0.3784,0.4054,0.3514
sonnet,edn-table-lines,overall,135,405,0.7679,0.6988,0.8346,0.7704,0.7778,0.7556
sonnet,edn-table-lines,type:filtering,21,63,0.3333,0.1429,0.5238,0.2857,0.381,0.3333
sonnet,edn-table-lines,overall-excl-structural,135,405,0.7679,0.6988,0.8321,0.7704,0.7778,0.7556
sonnet,edn-table-lines,type:field-retrieval,60,180,0.9944,0.9833,1.0,0.9833,1.0,1.0
sonnet,edn-table-lines,track:mixed,135,405,0.7679,0.6988,0.8321,0.7704,0.7778,0.7556
sonnet,edn-table-lines,shape:mixed,106,318,0.7075,0.6226,0.7862,0.7075,0.717,0.6981
sonnet,edn-table-lines,type:structure-awareness,20,60,0.9,0.7667,1.0,0.9,0.9,0.9
sonnet,edn-table-lines,type:aggregation,34,102,0.5588,0.402,0.7059,0.6176,0.5588,0.5
sonnet,edn-table-lines,shape:nested-config,29,87,0.9885,0.9655,1.0,1.0,1.0,0.9655
sonnet,edn-table-lines,informative,30,90,0.4222,0.2778,0.5667,0.4333,0.4667,0.3667
opus,json-compact,overall,244,732,0.974,0.9549,0.9904,0.9713,0.9795,0.9713
opus,json-compact,track:flat,109,327,0.9419,0.8991,0.9786,0.9358,0.9541,0.9358
opus,json-compact,shape:structural-validation,5,15,0.6,0.2,1.0,0.6,0.6,0.6
opus,json-compact,type:structural-validation,5,15,0.6,0.2,1.0,0.6,0.6,0.6
opus,json-compact,shape:uniform-tables,104,312,0.9583,0.9231,0.9872,0.9519,0.9712,0.9519
opus,json-compact,type:filtering,48,144,1.0,1.0,1.0,1.0,1.0,1.0
opus,json-compact,overall-excl-structural,239,717,0.9819,0.9651,0.9944,0.9791,0.9874,0.9791
opus,json-compact,type:field-retrieval,92,276,1.0,1.0,1.0,1.0,1.0,1.0
opus,json-compact,track:mixed,135,405,1.0,1.0,1.0,1.0,1.0,1.0
opus,json-compact,shape:mixed,106,318,1.0,1.0,1.0,1.0,1.0,1.0
opus,json-compact,type:structure-awareness,36,108,0.9444,0.8611,1.0,0.9444,0.9444,0.9444
opus,json-compact,type:aggregation,63,189,0.963,0.9206,0.9947,0.9524,0.9841,0.9524
opus,json-compact,shape:nested-config,29,87,1.0,1.0,1.0,1.0,1.0,1.0
opus,json-compact,informative,16,48,0.7917,0.625,0.9375,0.75,0.875,0.75
opus,toon,overall,244,732,0.9836,0.9672,0.9959,0.9877,0.9836,0.9795
opus,toon,track:flat,109,327,0.9633,0.9297,0.9908,0.9725,0.9633,0.9541
opus,toon,shape:structural-validation,5,15,1.0,1.0,1.0,1.0,1.0,1.0
opus,toon,type:structural-validation,5,15,1.0,1.0,1.0,1.0,1.0,1.0
opus,toon,shape:uniform-tables,104,312,0.9615,0.9263,0.9904,0.9712,0.9615,0.9519
opus,toon,type:filtering,48,144,0.9931,0.9792,1.0,1.0,1.0,0.9792
opus,toon,overall-excl-structural,239,717,0.9833,0.9665,0.9958,0.9874,0.9833,0.9791
opus,toon,type:field-retrieval,92,276,1.0,1.0,1.0,1.0,1.0,1.0
opus,toon,track:mixed,135,405,1.0,1.0,1.0,1.0,1.0,1.0
opus,toon,shape:mixed,106,318,1.0,1.0,1.0,1.0,1.0,1.0
opus,toon,type:structure-awareness,36,108,0.9444,0.8611,1.0,0.9444,0.9444,0.9444
opus,toon,type:aggregation,63,189,0.9735,0.9365,1.0,0.9841,0.9683,0.9683
opus,toon,shape:nested-config,29,87,1.0,1.0,1.0,1.0,1.0,1.0
opus,toon,informative,16,48,0.9375,0.875,1.0,1.0,0.9375,0.875
opus,edn-maps,overall,244,732,0.9754,0.9549,0.9918,0.9754,0.9754,0.9754
opus,edn-maps,track:flat,109,327,0.945,0.8991,0.9786,0.945,0.945,0.945
opus,edn-maps,shape:structural-validation,5,15,0.6,0.2,1.0,0.6,0.6,0.6
opus,edn-maps,type:structural-validation,5,15,0.6,0.2,1.0,0.6,0.6,0.6
opus,edn-maps,shape:uniform-tables,104,312,0.9615,0.9263,0.9904,0.9615,0.9615,0.9615
opus,edn-maps,type:filtering,48,144,0.9931,0.9792,1.0,0.9792,1.0,1.0
opus,edn-maps,overall-excl-structural,239,717,0.9833,0.9665,0.9958,0.9833,0.9833,0.9833
opus,edn-maps,type:field-retrieval,92,276,1.0,1.0,1.0,1.0,1.0,1.0
opus,edn-maps,track:mixed,135,405,1.0,1.0,1.0,1.0,1.0,1.0
opus,edn-maps,shape:mixed,106,318,1.0,1.0,1.0,1.0,1.0,1.0
opus,edn-maps,type:structure-awareness,36,108,0.9444,0.8611,1.0,0.9444,0.9444,0.9444
opus,edn-maps,type:aggregation,63,189,0.9735,0.9312,1.0,0.9841,0.9683,0.9683
opus,edn-maps,shape:nested-config,29,87,1.0,1.0,1.0,1.0,1.0,1.0
opus,edn-maps,informative,16,48,0.8125,0.625,0.9583,0.8125,0.8125,0.8125
opus,edn-table,overall,244,732,0.9699,0.9495,0.9863,0.9754,0.9713,0.9631
opus,edn-table,track:flat,109,327,0.9358,0.893,0.9725,0.945,0.9358,0.9266
opus,edn-table,shape:structural-validation,5,15,0.6,0.2,1.0,0.6,0.6,0.6
opus,edn-table,type:structural-validation,5,15,0.6,0.2,1.0,0.6,0.6,0.6
opus,edn-table,shape:uniform-tables,104,312,0.9519,0.9135,0.984,0.9615,0.9519,0.9423
opus,edn-table,type:filtering,48,144,0.9792,0.9514,1.0,0.9792,0.9792,0.9792
opus,edn-table,overall-excl-structural,239,717,0.9777,0.9609,0.9916,0.9833,0.9791,0.9707
opus,edn-table,type:field-retrieval,92,276,1.0,1.0,1.0,1.0,1.0,1.0
opus,edn-table,track:mixed,135,405,0.9975,0.9926,1.0,1.0,1.0,0.9926
opus,edn-table,shape:mixed,106,318,0.9969,0.9906,1.0,1.0,1.0,0.9906
opus,edn-table,type:structure-awareness,36,108,0.9444,0.8611,1.0,0.9444,0.9444,0.9444
opus,edn-table,type:aggregation,63,189,0.963,0.9206,0.9947,0.9841,0.9683,0.9365
opus,edn-table,shape:nested-config,29,87,1.0,1.0,1.0,1.0,1.0,1.0
opus,edn-table,informative,16,48,0.7292,0.5625,0.875,0.8125,0.75,0.625
opus,edn-table-primer,overall,244,732,0.9699,0.9495,0.9877,0.959,0.9754,0.9754
opus,edn-table-primer,track:flat,109,327,0.9419,0.8991,0.9786,0.9174,0.9541,0.9541
opus,edn-table-primer,shape:structural-validation,5,15,0.6,0.2,1.0,0.6,0.6,0.6
opus,edn-table-primer,type:structural-validation,5,15,0.6,0.2,1.0,0.6,0.6,0.6
opus,edn-table-primer,shape:uniform-tables,104,312,0.9583,0.9199,0.9872,0.9327,0.9712,0.9712
opus,edn-table-primer,type:filtering,48,144,0.9792,0.9514,1.0,0.9375,1.0,1.0
opus,edn-table-primer,overall-excl-structural,239,717,0.9777,0.9596,0.9916,0.9665,0.9833,0.9833
opus,edn-table-primer,type:field-retrieval,92,276,1.0,1.0,1.0,1.0,1.0,1.0
opus,edn-table-primer,track:mixed,135,405,0.9926,0.9802,1.0,0.9926,0.9926,0.9926
opus,edn-table-primer,shape:mixed,106,318,0.9906,0.9748,1.0,0.9906,0.9906,0.9906
opus,edn-table-primer,type:structure-awareness,36,108,0.9444,0.8611,1.0,0.9444,0.9444,0.9444
opus,edn-table-primer,type:aggregation,63,189,0.963,0.9206,0.9947,0.9524,0.9683,0.9683
opus,edn-table-primer,shape:nested-config,29,87,1.0,1.0,1.0,1.0,1.0,1.0
opus,edn-table-primer,informative,16,48,0.7292,0.5625,0.875,0.5625,0.8125,0.8125
opus,csv,overall,109,327,0.945,0.9021,0.9786,0.945,0.9541,0.9358
opus,csv,track:flat,109,327,0.945,0.9021,0.9786,0.945,0.9541,0.9358
opus,csv,shape:structural-validation,5,15,0.8,0.4,1.0,0.8,0.8,0.8
opus,csv,type:structural-validation,5,15,0.8,0.4,1.0,0.8,0.8,0.8
opus,csv,shape:uniform-tables,104,312,0.9519,0.9135,0.984,0.9519,0.9615,0.9423
opus,csv,type:filtering,27,81,0.9753,0.9383,1.0,1.0,1.0,0.9259
opus,csv,overall-excl-structural,104,312,0.9519,0.9135,0.984,0.9519,0.9615,0.9423
opus,csv,type:field-retrieval,32,96,1.0,1.0,1.0,1.0,1.0,1.0
opus,csv,type:structure-awareness,16,48,0.875,0.6875,1.0,0.875,0.875,0.875
opus,csv,type:aggregation,29,87,0.9195,0.8276,0.9885,0.8966,0.931,0.931
opus,csv,informative,14,42,0.9048,0.8333,0.9762,0.9286,1.0,0.7857
opus,edn-table-lines,overall,135,405,1.0,1.0,1.0,1.0,1.0,1.0
opus,edn-table-lines,type:filtering,21,63,1.0,1.0,1.0,1.0,1.0,1.0
opus,edn-table-lines,overall-excl-structural,135,405,1.0,1.0,1.0,1.0,1.0,1.0
opus,edn-table-lines,type:field-retrieval,60,180,1.0,1.0,1.0,1.0,1.0,1.0
opus,edn-table-lines,track:mixed,135,405,1.0,1.0,1.0,1.0,1.0,1.0
opus,edn-table-lines,shape:mixed,106,318,1.0,1.0,1.0,1.0,1.0,1.0
opus,edn-table-lines,type:structure-awareness,20,60,1.0,1.0,1.0,1.0,1.0,1.0
opus,edn-table-lines,type:aggregation,34,102,1.0,1.0,1.0,1.0,1.0,1.0
opus,edn-table-lines,shape:nested-config,29,87,1.0,1.0,1.0,1.0,1.0,1.0
opus,edn-table-lines,informative,2,6,1.0,1.0,1.0,1.0,1.0,1.0
pooled,json-compact,overall,244,2196,0.7427,0.7031,0.7823,0.7336,0.7514,0.7432
pooled,json-compact,track:flat,109,981,0.634,0.5708,0.6972,0.6239,0.6483,0.63
pooled,json-compact,shape:structural-validation,5,45,0.6,0.2,1.0,0.6,0.6,0.6
pooled,json-compact,type:structural-validation,5,45,0.6,0.2,1.0,0.6,0.6,0.6
pooled,json-compact,shape:uniform-tables,104,936,0.6357,0.5716,0.6998,0.625,0.6506,0.6314
pooled,json-compact,type:filtering,48,432,0.4583,0.4051,0.5185,0.4514,0.4653,0.4583
pooled,json-compact,overall-excl-structural,239,2151,0.7457,0.7062,0.7843,0.7364,0.7545,0.7462
pooled,json-compact,type:field-retrieval,92,828,0.9976,0.9928,1.0,0.9928,1.0,1.0
pooled,json-compact,track:mixed,135,1215,0.8305,0.786,0.8733,0.8222,0.8346,0.8346
pooled,json-compact,shape:mixed,106,954,0.7945,0.7411,0.8459,0.7893,0.7956,0.7987
pooled,json-compact,type:structure-awareness,36,324,0.8549,0.7623,0.9352,0.8519,0.8519,0.8611
pooled,json-compact,type:aggregation,63,567,0.5344,0.4656,0.6067,0.5132,0.5608,0.5291
pooled,json-compact,shape:nested-config,29,261,0.9617,0.9234,0.9885,0.9425,0.977,0.9655
pooled,json-compact,informative,119,1071,0.4977,0.4547,0.5434,0.479,0.5154,0.4986
pooled,toon,overall,244,2196,0.7678,0.73,0.8051,0.7678,0.7719,0.7637
pooled,toon,track:flat,109,981,0.6697,0.6086,0.7299,0.6728,0.6789,0.6575
pooled,toon,shape:structural-validation,5,45,1.0,1.0,1.0,1.0,1.0,1.0
pooled,toon,type:structural-validation,5,45,1.0,1.0,1.0,1.0,1.0,1.0
pooled,toon,shape:uniform-tables,104,936,0.6538,0.5897,0.7158,0.6571,0.6635,0.641
pooled,toon,type:filtering,48,432,0.4606,0.4051,0.5231,0.4583,0.4722,0.4514
pooled,toon,overall-excl-structural,239,2151,0.7629,0.7243,0.8015,0.7629,0.7671,0.7587
pooled,toon,type:field-retrieval,92,828,0.9915,0.9831,0.9976,0.9855,0.9891,1.0
pooled,toon,track:mixed,135,1215,0.8469,0.8025,0.8881,0.8444,0.8469,0.8494
pooled,toon,shape:mixed,106,954,0.8134,0.76,0.8648,0.8145,0.8113,0.8145
pooled,toon,type:structure-awareness,36,324,0.9259,0.8426,0.9877,0.9167,0.9352,0.9259
pooled,toon,type:aggregation,63,567,0.5661,0.4956,0.6402,0.582,0.5714,0.545
pooled,toon,shape:nested-config,29,261,0.9693,0.9387,0.9923,0.954,0.977,0.977
pooled,toon,informative,119,1071,0.549,0.5014,0.5976,0.549,0.5574,0.5406
pooled,edn-maps,overall,244,2196,0.7441,0.704,0.7828,0.7432,0.7527,0.7363
pooled,edn-maps,track:flat,109,981,0.6371,0.5739,0.7003,0.633,0.6514,0.6269
pooled,edn-maps,shape:structural-validation,5,45,0.4667,0.0667,0.8667,0.4667,0.4667,0.4667
pooled,edn-maps,type:structural-validation,5,45,0.4667,0.0667,0.8667,0.4667,0.4667,0.4667
pooled,edn-maps,shape:uniform-tables,104,936,0.6453,0.5812,0.7073,0.641,0.6603,0.6346
pooled,edn-maps,type:filtering,48,432,0.4769,0.4236,0.5394,0.4583,0.5,0.4722
pooled,edn-maps,overall-excl-structural,239,2151,0.7499,0.7104,0.7889,0.749,0.7587,0.742
pooled,edn-maps,type:field-retrieval,92,828,0.9988,0.9964,1.0,1.0,0.9964,1.0
pooled,edn-maps,track:mixed,135,1215,0.8305,0.7844,0.8749,0.8321,0.8346,0.8247
pooled,edn-maps,shape:mixed,106,954,0.7904,0.7348,0.8438,0.7956,0.7956,0.7799
pooled,edn-maps,type:structure-awareness,36,324,0.8519,0.7562,0.9352,0.8704,0.8519,0.8333
pooled,edn-maps,type:aggregation,63,567,0.5362,0.4638,0.6102,0.5344,0.5556,0.5185
pooled,edn-maps,shape:nested-config,29,261,0.977,0.9464,1.0,0.9655,0.977,0.9885
pooled,edn-maps,informative,119,1071,0.5005,0.4566,0.5462,0.4986,0.5182,0.4846
pooled,edn-table,overall,244,2196,0.7473,0.7067,0.7864,0.7473,0.7514,0.7432
pooled,edn-table,track:flat,109,981,0.6412,0.577,0.7044,0.6453,0.6422,0.6361
pooled,edn-table,shape:structural-validation,5,45,0.6,0.2,1.0,0.6,0.6,0.6
pooled,edn-table,type:structural-validation,5,45,0.6,0.2,1.0,0.6,0.6,0.6
pooled,edn-table,shape:uniform-tables,104,936,0.6432,0.578,0.7062,0.6474,0.6442,0.6378
pooled,edn-table,type:filtering,48,432,0.463,0.4097,0.5232,0.4514,0.4722,0.4653
pooled,edn-table,overall-excl-structural,239,2151,0.7503,0.7113,0.788,0.7503,0.7545,0.7462
pooled,edn-table,type:field-retrieval,92,828,0.994,0.9855,1.0,0.9928,0.9928,0.9964
pooled,edn-table,track:mixed,135,1215,0.8329,0.7885,0.8749,0.8296,0.8395,0.8296
pooled,edn-table,shape:mixed,106,954,0.7935,0.74,0.8449,0.7925,0.8019,0.7862
pooled,edn-table,type:structure-awareness,36,324,0.8765,0.784,0.9506,0.8889,0.8796,0.8611
pooled,edn-table,type:aggregation,63,567,0.5414,0.4691,0.6173,0.545,0.5503,0.5291
pooled,edn-table,shape:nested-config,29,261,0.977,0.9502,0.9962,0.9655,0.977,0.9885
pooled,edn-table,informative,119,1071,0.507,0.4613,0.5537,0.507,0.5154,0.4986
pooled,edn-table-primer,overall,244,2196,0.7454,0.7054,0.7842,0.7418,0.7486,0.7459
pooled,edn-table-primer,track:flat,109,981,0.6412,0.577,0.7054,0.6361,0.6391,0.6483
pooled,edn-table-primer,shape:structural-validation,5,45,0.6,0.2,1.0,0.6,0.6,0.6
pooled,edn-table-primer,type:structural-validation,5,45,0.6,0.2,1.0,0.6,0.6,0.6
pooled,edn-table-primer,shape:uniform-tables,104,936,0.6432,0.5801,0.7062,0.6378,0.641,0.6506
pooled,edn-table-primer,type:filtering,48,432,0.456,0.4005,0.5185,0.4514,0.4514,0.4653
pooled,edn-table-primer,overall-excl-structural,239,2151,0.7485,0.709,0.7885,0.7448,0.7517,0.749
pooled,edn-table-primer,type:field-retrieval,92,828,0.9928,0.9843,0.9988,0.9891,0.9928,0.9964
pooled,edn-table-primer,track:mixed,135,1215,0.8296,0.7852,0.8733,0.8272,0.837,0.8247
pooled,edn-table-primer,shape:mixed,106,954,0.7925,0.7358,0.8438,0.7956,0.7987,0.783
pooled,edn-table-primer,type:structure-awareness,36,324,0.8858,0.7932,0.9599,0.9074,0.8981,0.8519
pooled,edn-table-primer,type:aggregation,63,567,0.5362,0.4656,0.6085,0.5185,0.545,0.545
pooled,edn-table-primer,shape:nested-config,29,261,0.9655,0.9195,0.9962,0.9425,0.977,0.977
pooled,edn-table-primer,informative,119,1071,0.5033,0.4585,0.549,0.4958,0.5098,0.5042
pooled,csv,overall,109,981,0.6544,0.5923,0.7166,0.6453,0.6728,0.6453
pooled,csv,track:flat,109,981,0.6544,0.5902,0.7187,0.6453,0.6728,0.6453
pooled,csv,shape:structural-validation,5,45,0.8,0.4,1.0,0.8,0.8,0.8
pooled,csv,type:structural-validation,5,45,0.8,0.4,1.0,0.8,0.8,0.8
pooled,csv,shape:uniform-tables,104,936,0.6474,0.5833,0.7126,0.6378,0.6667,0.6378
pooled,csv,type:filtering,27,243,0.3868,0.3498,0.4321,0.3704,0.4198,0.3704
pooled,csv,overall-excl-structural,104,936,0.6474,0.5812,0.7115,0.6378,0.6667,0.6378
pooled,csv,type:field-retrieval,32,288,0.9965,0.9896,1.0,1.0,1.0,0.9896
pooled,csv,type:structure-awareness,16,144,0.8542,0.6736,0.9861,0.8542,0.875,0.8333
pooled,csv,type:aggregation,29,261,0.3908,0.318,0.4751,0.3678,0.4138,0.3908
pooled,csv,informative,67,603,0.4992,0.4362,0.5655,0.4826,0.5274,0.4876
pooled,edn-table-lines,overall,135,1215,0.8329,0.7893,0.8749,0.8272,0.842,0.8296
pooled,edn-table-lines,type:filtering,21,189,0.5714,0.4603,0.6878,0.5397,0.5873,0.5873
pooled,edn-table-lines,overall-excl-structural,135,1215,0.8329,0.7885,0.8749,0.8272,0.842,0.8296
pooled,edn-table-lines,type:field-retrieval,60,540,0.9963,0.9889,1.0,0.9889,1.0,1.0
pooled,edn-table-lines,track:mixed,135,1215,0.8329,0.7877,0.8757,0.8272,0.842,0.8296
pooled,edn-table-lines,shape:mixed,106,954,0.7966,0.7432,0.8491,0.7925,0.805,0.7925
pooled,edn-table-lines,type:structure-awareness,20,180,0.9056,0.8222,0.9722,0.9167,0.9167,0.8833
pooled,edn-table-lines,type:aggregation,34,306,0.6634,0.5686,0.7549,0.6667,0.6765,0.6471
pooled,edn-table-lines,shape:nested-config,29,261,0.9655,0.9272,0.9923,0.954,0.977,0.9655
pooled,edn-table-lines,informative,52,468,0.5662,0.5021,0.6325,0.5513,0.5897,0.5577
pooled-nr,json-compact,overall,244,1464,0.627,0.5704,0.6844,0.6148,0.6373,0.6291
pooled-nr,json-compact,track:flat,109,654,0.4801,0.3914,0.5688,0.4679,0.4954,0.4771
pooled-nr,json-compact,shape:structural-validation,5,30,0.6,0.2,1.0,0.6,0.6,0.6
pooled-nr,json-compact,type:structural-validation,5,30,0.6,0.2,1.0,0.6,0.6,0.6
pooled-nr,json-compact,shape:uniform-tables,104,624,0.4744,0.3862,0.5625,0.4615,0.4904,0.4712
pooled-nr,json-compact,type:filtering,48,288,0.1875,0.1111,0.2778,0.1771,0.1979,0.1875
pooled-nr,json-compact,overall-excl-structural,239,1434,0.6276,0.5718,0.6834,0.6151,0.6381,0.6297
pooled-nr,json-compact,type:field-retrieval,92,552,0.9964,0.9891,1.0,0.9891,1.0,1.0
pooled-nr,json-compact,track:mixed,135,810,0.7457,0.679,0.8099,0.7333,0.7519,0.7519
pooled-nr,json-compact,shape:mixed,106,636,0.6918,0.6132,0.7704,0.684,0.6934,0.6981
pooled-nr,json-compact,type:structure-awareness,36,216,0.8102,0.7037,0.9074,0.8056,0.8056,0.8194
pooled-nr,json-compact,type:aggregation,63,378,0.3201,0.2222,0.4233,0.2937,0.3492,0.3175
pooled-nr,json-compact,shape:nested-config,29,174,0.9425,0.8851,0.9828,0.9138,0.9655,0.9483
pooled-nr,json-compact,informative,92,552,0.337,0.2627,0.4149,0.3043,0.3641,0.3424
pooled-nr,toon,overall,244,1464,0.6598,0.6038,0.7138,0.6578,0.666,0.6557
pooled-nr,toon,track:flat,109,654,0.5229,0.4358,0.6086,0.5229,0.5367,0.5092
pooled-nr,toon,shape:structural-validation,5,30,1.0,1.0,1.0,1.0,1.0,1.0
pooled-nr,toon,type:structural-validation,5,30,1.0,1.0,1.0,1.0,1.0,1.0
pooled-nr,toon,shape:uniform-tables,104,624,0.5,0.4135,0.5881,0.5,0.5144,0.4856
pooled-nr,toon,type:filtering,48,288,0.1944,0.1111,0.2847,0.1875,0.2083,0.1875
pooled-nr,toon,overall-excl-structural,239,1434,0.6527,0.5955,0.7092,0.6506,0.659,0.6485
pooled-nr,toon,type:field-retrieval,92,552,0.9873,0.9746,0.9982,0.9783,0.9837,1.0
pooled-nr,toon,track:mixed,135,810,0.7704,0.7049,0.8333,0.7667,0.7704,0.7741
pooled-nr,toon,shape:mixed,106,636,0.7201,0.6368,0.7972,0.7217,0.717,0.7217
pooled-nr,toon,type:structure-awareness,36,216,0.9167,0.8287,0.9815,0.9028,0.9306,0.9167
pooled-nr,toon,type:aggregation,63,378,0.3624,0.2593,0.4657,0.381,0.373,0.3333
pooled-nr,toon,shape:nested-config,29,174,0.954,0.908,0.9885,0.931,0.9655,0.9655
pooled-nr,toon,informative,92,552,0.4239,0.3442,0.5054,0.4185,0.4402,0.413
pooled-nr,edn-maps,overall,244,1464,0.6284,0.5704,0.6831,0.627,0.6414,0.6168
pooled-nr,edn-maps,track:flat,109,654,0.4832,0.3991,0.5688,0.4771,0.5046,0.4679
pooled-nr,edn-maps,shape:structural-validation,5,30,0.4,0.0,0.8,0.4,0.4,0.4
pooled-nr,edn-maps,type:structural-validation,5,30,0.4,0.0,0.8,0.4,0.4,0.4
pooled-nr,edn-maps,shape:uniform-tables,104,624,0.4872,0.399,0.5737,0.4808,0.5096,0.4712
pooled-nr,edn-maps,type:filtering,48,288,0.2188,0.1389,0.309,0.1979,0.25,0.2083
pooled-nr,edn-maps,overall-excl-structural,239,1434,0.6332,0.5753,0.6897,0.6318,0.6464,0.6213
pooled-nr,edn-maps,type:field-retrieval,92,552,0.9982,0.9946,1.0,1.0,0.9946,1.0
pooled-nr,edn-maps,track:mixed,135,810,0.7457,0.6765,0.8111,0.7481,0.7519,0.737
pooled-nr,edn-maps,shape:mixed,106,636,0.6855,0.6038,0.7657,0.6934,0.6934,0.6698
pooled-nr,edn-maps,type:structure-awareness,36,216,0.8056,0.6898,0.9074,0.8333,0.8056,0.7778
pooled-nr,edn-maps,type:aggregation,63,378,0.3175,0.2169,0.4259,0.3095,0.3492,0.2937
pooled-nr,edn-maps,shape:nested-config,29,174,0.9655,0.9195,1.0,0.9483,0.9655,0.9828
pooled-nr,edn-maps,informative,92,552,0.3406,0.2663,0.4185,0.337,0.375,0.3098
pooled-nr,edn-table,overall,244,1464,0.6359,0.5806,0.6919,0.6332,0.6414,0.6332
pooled-nr,edn-table,track:flat,109,654,0.4939,0.4052,0.5826,0.4954,0.4954,0.4908
pooled-nr,edn-table,shape:structural-validation,5,30,0.6,0.2,1.0,0.6,0.6,0.6
pooled-nr,edn-table,type:structural-validation,5,30,0.6,0.2,1.0,0.6,0.6,0.6
pooled-nr,edn-table,shape:uniform-tables,104,624,0.4888,0.399,0.5785,0.4904,0.4904,0.4856
pooled-nr,edn-table,type:filtering,48,288,0.2049,0.1285,0.2917,0.1875,0.2188,0.2083
pooled-nr,edn-table,overall-excl-structural,239,1434,0.6367,0.5809,0.6939,0.6339,0.6423,0.6339
pooled-nr,edn-table,type:field-retrieval,92,552,0.9909,0.9783,1.0,0.9891,0.9891,0.9946
pooled-nr,edn-table,track:mixed,135,810,0.7506,0.684,0.8136,0.7444,0.7593,0.7481
pooled-nr,edn-table,shape:mixed,106,636,0.6918,0.6132,0.7704,0.6887,0.7028,0.684
pooled-nr,edn-table,type:structure-awareness,36,216,0.8426,0.7315,0.9352,0.8611,0.8472,0.8194
pooled-nr,edn-table,type:aggregation,63,378,0.3307,0.2302,0.4365,0.3254,0.3413,0.3254
pooled-nr,edn-table,shape:nested-config,29,174,0.9655,0.9195,0.9943,0.9483,0.9655,0.9828
pooled-nr,edn-table,informative,92,552,0.3605,0.2862,0.4366,0.3533,0.375,0.3533
pooled-nr,edn-table-primer,overall,244,1464,0.6332,0.5765,0.6878,0.6332,0.6352,0.6311
pooled-nr,edn-table-primer,track:flat,109,654,0.4908,0.4021,0.581,0.4954,0.4817,0.4954
pooled-nr,edn-table-primer,shape:structural-validation,5,30,0.6,0.2,1.0,0.6,0.6,0.6
pooled-nr,edn-table-primer,type:structural-validation,5,30,0.6,0.2,1.0,0.6,0.6,0.6
pooled-nr,edn-table-primer,shape:uniform-tables,104,624,0.4856,0.3974,0.5769,0.4904,0.476,0.4904
pooled-nr,edn-table-primer,type:filtering,48,288,0.1944,0.1146,0.2812,0.2083,0.1771,0.1979
pooled-nr,edn-table-primer,overall-excl-structural,239,1434,0.6339,0.5774,0.6897,0.6339,0.636,0.6318
pooled-nr,edn-table-primer,type:field-retrieval,92,552,0.9891,0.9764,0.9982,0.9837,0.9891,0.9946
pooled-nr,edn-table-primer,track:mixed,135,810,0.7481,0.6815,0.8123,0.7444,0.7593,0.7407
pooled-nr,edn-table-primer,shape:mixed,106,636,0.6934,0.6132,0.7704,0.6981,0.7028,0.6792
pooled-nr,edn-table-primer,type:structure-awareness,36,216,0.8565,0.7593,0.9398,0.8889,0.875,0.8056
pooled-nr,edn-table-primer,type:aggregation,63,378,0.3228,0.2222,0.4286,0.3016,0.3333,0.3333
pooled-nr,edn-table-primer,shape:nested-config,29,174,0.9483,0.8793,0.9943,0.9138,0.9655,0.9655
pooled-nr,edn-table-primer,informative,92,552,0.3533,0.2772,0.433,0.3533,0.3587,0.3478
pooled-nr,csv,overall,109,654,0.5092,0.4235,0.5979,0.4954,0.5321,0.5
pooled-nr,csv,track:flat,109,654,0.5092,0.4205,0.5994,0.4954,0.5321,0.5
pooled-nr,csv,shape:structural-validation,5,30,0.8,0.4,1.0,0.8,0.8,0.8
pooled-nr,csv,type:structural-validation,5,30,0.8,0.4,1.0,0.8,0.8,0.8
pooled-nr,csv,shape:uniform-tables,104,624,0.4952,0.4022,0.5849,0.4808,0.5192,0.4856
pooled-nr,csv,type:filtering,27,162,0.0926,0.0432,0.1543,0.0556,0.1296,0.0926
pooled-nr,csv,overall-excl-structural,104,624,0.4952,0.4038,0.5866,0.4808,0.5192,0.4856
pooled-nr,csv,type:field-retrieval,32,192,0.9948,0.9844,1.0,1.0,1.0,0.9844
pooled-nr,csv,type:structure-awareness,16,96,0.8438,0.6667,0.9792,0.8438,0.875,0.8125
pooled-nr,csv,type:aggregation,29,174,0.1264,0.0345,0.2414,0.1034,0.1552,0.1207
pooled-nr,csv,informative,46,276,0.3768,0.2572,0.5036,0.3478,0.413,0.3696
pooled-nr,edn-table-lines,overall,135,810,0.7494,0.6827,0.8111,0.7407,0.763,0.7444
pooled-nr,edn-table-lines,type:filtering,21,126,0.3571,0.1825,0.5317,0.3095,0.381,0.381
pooled-nr,edn-table-lines,overall-excl-structural,135,810,0.7494,0.6815,0.8136,0.7407,0.763,0.7444
pooled-nr,edn-table-lines,type:field-retrieval,60,360,0.9944,0.9833,1.0,0.9833,1.0,1.0
pooled-nr,edn-table-lines,track:mixed,135,810,0.7494,0.6827,0.8136,0.7407,0.763,0.7444
pooled-nr,edn-table-lines,shape:mixed,106,636,0.695,0.6164,0.772,0.6887,0.7075,0.6887
pooled-nr,edn-table-lines,type:structure-awareness,20,120,0.8583,0.7333,0.9583,0.875,0.875,0.825
pooled-nr,edn-table-lines,type:aggregation,34,204,0.4951,0.3528,0.6373,0.5,0.5147,0.4706
pooled-nr,edn-table-lines,shape:nested-config,29,174,0.9483,0.8908,0.9885,0.931,0.9655,0.9483
pooled-nr,edn-table-lines,informative,46,276,0.3949,0.2899,0.5,0.3696,0.4348,0.3804
