family,tokenizer,primer_tokens,json_noprimer,json_primer,toon_primer,toon_noprimer,edn_short,per_record_saving_vs_json,per_record_extra_vs_toon,n1,n2,n5,n10,n20,n50,n100,n200,n500,n1000,n2000
analytics,o200k,144,20,20,never,never,never,13.9,0.03,44/44/49,83/69/74,200/144/149,395/269/274,782/516/521,1950/1264/1269,3897/2511/2516,7786/5000/5005,,,
analytics,qwen3,143,20,20,never,never,never,13.9,0.01,56/57/62,108/95/100,262/207/212,521/397/401,1036/772/776,2591/1907/1911,5178/3795/3798,10343/7560/7563,,,
employees,o200k,144,20,20,never,never,never,11.99,2.55,45/43/51,83/67/77,200/142/158,400/267/298,796/517/574,1981/1265/1399,3936/2496/2754,7843/4935/5461,19550/12254/13568,39119/24560/27137,79057/49978/55075
employees,qwen3,143,20,20,never,never,never,11.99,2.66,46/45/53,88/73/83,221/163/180,447/315/346,906/626/685,2271/1552/1690,4529/3077/3348,9141/6221/6760,22967/15646/16986,46088/31434/34107,93095/63797/69114
event-logs,o200k,144,never,never,10,20,never,-3.0,-9.78,98/94/101,181/153/187,317/378/331,629/753/658,1268/1518/1327,3151/3779/3300,6600/7887/6900,12701/15240/13301,31746/38097/33246,63865/76604/66864,128529/154084/134528
event-logs,qwen3,143,never,never,10,20,never,-4.0,-9.78,110/110/115,207/186/216,379/446/399,757/893/797,1524/1796/1604,3789/4469/3989,7883/9273/8284,15247/17989/16048,38126/44980/40127,76669/90411/80669,154156/181714/162156
github,o200k,144,10,10,never,never,never,21.75,5.28,117/116/127,224/195/212,556/444/477,1135/885/946,2237/1718/1828,5774/4437/4702,11640/8937/9465,,,,
github,qwen3,143,10,10,never,never,never,19.76,5.26,151/150/162,290/263/281,721/617/651,1465/1234/1295,2909/2428/2539,7470/6233/6497,15004/12502/13028,,,,
orders,o200k,144,never,never,20,50,never,-4.71,-3.06,173/168/169,300/307/303,690/729/714,1312/1412/1376,2733/2900/2833,6894/7280/7129,13777/14566/14255,27763/29269/28672,68944/72832/71301,,
orders,qwen3,143,never,never,20,100,never,-6.72,-2.83,202/200/201,356/368/364,829/882/864,1578/1702/1663,3286/3492/3427,8292/8767/8628,16574/17529/17253,33342/35181/34652,82736/87511/86094,,
