model,format,correct,comprehension,format-lenient,format-missing,call-failed
haiku,csv,168,159,0,0,0
haiku,edn-maps,445,287,0,0,0
haiku,edn-table,455,276,1,0,0
haiku,edn-table-primer,453,279,0,0,0
haiku,json-compact,447,285,0,0,0
haiku,toon,473,259,0,0,0
opus,csv,309,18,0,0,0
opus,edn-maps,714,18,0,0,0
opus,edn-table,710,22,0,0,0
opus,edn-table-primer,710,22,0,0,0
opus,json-compact,713,19,0,0,0
opus,toon,720,12,0,0,0
sonnet,csv,165,162,0,0,0
sonnet,edn-maps,474,257,1,0,0
sonnet,edn-table,473,257,2,0,0
sonnet,edn-table-primer,474,258,0,0,0
sonnet,json-compact,471,261,0,0,0
sonnet,toon,493,239,0,0,0
