model,format,attempts,parse_valid_pct,pv_ci_lo,pv_ci_hi,lossless_pct,ll_ci_lo,ll_ci_hi
haiku,edn-table,60,96.7,90.0,100.0,83.3,66.7,96.7
haiku,edn-maps,60,96.7,90.0,100.0,95.0,85.0,100.0
haiku,toon,60,66.7,46.7,85.0,50.0,30.0,70.0
haiku,toon-long,60,76.7,61.7,90.0,61.7,41.7,81.7
sonnet,edn-table,60,100.0,100.0,100.0,83.3,66.7,98.3
sonnet,edn-maps,60,96.7,90.0,100.0,95.0,85.0,100.0
sonnet,toon,60,71.7,51.7,90.0,68.3,48.3,86.7
sonnet,toon-long,60,93.3,81.7,100.0,83.3,66.7,98.3
opus,edn-table,60,100.0,100.0,100.0,95.0,85.0,100.0
opus,edn-maps,60,100.0,100.0,100.0,100.0,100.0,100.0
opus,toon,60,100.0,100.0,100.0,100.0,100.0,100.0
opus,toon-long,60,100.0,100.0,100.0,100.0,100.0,100.0
