model,A,B,family,subset,n_questions,acc_A,acc_B,diff,ci_lo,ci_hi,mcnemar_A_only,mcnemar_B_only,mcnemar_p,verdict,holm_p_primary_overall
haiku,edn-maps,json-compact,primary,overall,244,0.6079,0.6107,-0.0027,-0.0246,0.0205,2,3,1.0,equivalent (±5pp),1.0
haiku,edn-maps,json-compact,primary,track:flat,109,0.4679,0.474,-0.0061,-0.0489,0.0367,2,2,1.0,equivalent (±5pp),
haiku,edn-maps,json-compact,primary,shape:structural-validation,5,0.4,0.6,-0.2,-0.6,0.0,0,1,1.0,no detectable difference,
haiku,edn-maps,json-compact,primary,type:structural-validation,5,0.4,0.6,-0.2,-0.6,0.0,0,1,1.0,no detectable difference,
haiku,edn-maps,json-compact,primary,shape:uniform-tables,104,0.4712,0.4679,0.0032,-0.0353,0.0449,2,1,1.0,equivalent (±5pp),
haiku,edn-maps,json-compact,primary,overall-excl-structural,239,0.6123,0.6109,0.0014,-0.0195,0.0223,2,2,1.0,equivalent (±5pp),
haiku,edn-maps,json-compact,primary,type:filtering,48,0.1667,0.1528,0.0139,-0.0347,0.0625,0,0,1.0,no detectable difference,
haiku,edn-maps,json-compact,primary,type:field-retrieval,92,1.0,0.9964,0.0036,0.0,0.0109,0,0,1.0,equivalent (±5pp),
haiku,edn-maps,json-compact,primary,track:mixed,135,0.721,0.721,0.0,-0.0247,0.0222,0,1,1.0,equivalent (±5pp),
haiku,edn-maps,json-compact,primary,shape:mixed,106,0.6635,0.673,-0.0094,-0.0377,0.0157,0,1,1.0,equivalent (±5pp),
haiku,edn-maps,json-compact,primary,type:structure-awareness,36,0.787,0.8056,-0.0185,-0.1296,0.0926,2,2,1.0,no detectable difference,
haiku,edn-maps,json-compact,primary,type:aggregation,63,0.2857,0.2857,0.0,-0.0317,0.0317,0,0,1.0,equivalent (±5pp),
haiku,edn-maps,json-compact,primary,shape:nested-config,29,0.931,0.8966,0.0345,0.0,0.0805,0,0,1.0,no detectable difference,
haiku,edn-table,toon,primary,overall,244,0.6216,0.6462,-0.0246,-0.0492,-0.0014,3,10,0.09229,B better (within ±5pp),1.0
haiku,edn-table,toon,primary,track:flat,109,0.4893,0.5107,-0.0214,-0.0581,0.0122,2,3,1.0,no detectable difference,
haiku,edn-table,toon,primary,shape:structural-validation,5,0.6,1.0,-0.4,-0.8,0.0,0,2,0.5,no detectable difference,
haiku,edn-table,toon,primary,type:structural-validation,5,0.6,1.0,-0.4,-0.8,0.0,0,2,0.5,no detectable difference,
haiku,edn-table,toon,primary,shape:uniform-tables,104,0.484,0.4872,-0.0032,-0.0321,0.0256,2,1,1.0,equivalent (±5pp),
haiku,edn-table,toon,primary,overall-excl-structural,239,0.622,0.6388,-0.0167,-0.0391,0.0056,3,8,0.22656,equivalent (±5pp),
haiku,edn-table,toon,primary,type:filtering,48,0.1806,0.1806,-0.0,-0.0625,0.0625,0,3,0.25,no detectable difference,
haiku,edn-table,toon,primary,type:field-retrieval,92,0.9891,0.9964,-0.0072,-0.0181,0.0,0,1,1.0,equivalent (±5pp),
haiku,edn-table,toon,primary,track:mixed,135,0.7284,0.7556,-0.0272,-0.0617,0.0049,1,7,0.07031,no detectable difference,
haiku,edn-table,toon,primary,shape:mixed,106,0.673,0.7107,-0.0377,-0.0786,-0.0,0,7,0.01562,B better,
haiku,edn-table,toon,primary,type:structure-awareness,36,0.8333,0.9074,-0.0741,-0.1481,-0.0093,1,2,1.0,B better,
haiku,edn-table,toon,primary,type:aggregation,63,0.3016,0.3122,-0.0106,-0.0688,0.0423,2,2,1.0,no detectable difference,
haiku,edn-table,toon,primary,shape:nested-config,29,0.931,0.9195,0.0115,-0.046,0.0805,1,0,1.0,no detectable difference,
haiku,edn-table-primer,edn-table,primary,overall,244,0.6189,0.6216,-0.0027,-0.0178,0.0123,1,4,0.375,equivalent (±5pp),1.0
haiku,edn-table-primer,edn-table,primary,track:flat,109,0.4924,0.4893,0.0031,-0.0183,0.0245,1,2,1.0,equivalent (±5pp),
haiku,edn-table-primer,edn-table,primary,shape:structural-validation,5,0.6,0.6,0.0,0.0,0.0,0,0,1.0,equivalent (±5pp),
haiku,edn-table-primer,edn-table,primary,type:structural-validation,5,0.6,0.6,0.0,0.0,0.0,0,0,1.0,equivalent (±5pp),
haiku,edn-table-primer,edn-table,primary,shape:uniform-tables,104,0.4872,0.484,0.0032,-0.0192,0.0256,1,2,1.0,equivalent (±5pp),
haiku,edn-table-primer,edn-table,primary,overall-excl-structural,239,0.6192,0.622,-0.0028,-0.0181,0.0126,1,4,0.375,equivalent (±5pp),
haiku,edn-table-primer,edn-table,primary,type:filtering,48,0.1736,0.1806,-0.0069,-0.0556,0.0486,1,0,1.0,no detectable difference,
haiku,edn-table-primer,edn-table,primary,type:field-retrieval,92,0.9891,0.9891,0.0,0.0,0.0,0,0,1.0,equivalent (±5pp),
haiku,edn-table-primer,edn-table,primary,track:mixed,135,0.721,0.7284,-0.0074,-0.0272,0.0123,0,2,0.5,equivalent (±5pp),
haiku,edn-table-primer,edn-table,primary,shape:mixed,106,0.6667,0.673,-0.0063,-0.0283,0.0157,0,1,1.0,equivalent (±5pp),
haiku,edn-table-primer,edn-table,primary,type:structure-awareness,36,0.8426,0.8333,0.0093,-0.0278,0.0463,0,1,1.0,equivalent (±5pp),
haiku,edn-table-primer,edn-table,primary,type:aggregation,63,0.291,0.3016,-0.0106,-0.0476,0.0212,0,3,0.25,equivalent (±5pp),
haiku,edn-table-primer,edn-table,primary,shape:nested-config,29,0.9195,0.931,-0.0115,-0.069,0.0345,0,1,1.0,no detectable difference,
haiku,edn-table-primer,toon,primary,overall,244,0.6189,0.6462,-0.0273,-0.0533,-0.0041,3,13,0.02127,B better,0.48921
haiku,edn-table-primer,toon,primary,track:flat,109,0.4924,0.5107,-0.0183,-0.0581,0.0153,2,4,0.6875,no detectable difference,
haiku,edn-table-primer,toon,primary,shape:structural-validation,5,0.6,1.0,-0.4,-0.8,0.0,0,2,0.5,no detectable difference,
haiku,edn-table-primer,toon,primary,type:structural-validation,5,0.6,1.0,-0.4,-0.8,0.0,0,2,0.5,no detectable difference,
haiku,edn-table-primer,toon,primary,shape:uniform-tables,104,0.4872,0.4872,-0.0,-0.0288,0.0288,2,2,1.0,equivalent (±5pp),
haiku,edn-table-primer,toon,primary,overall-excl-structural,239,0.6192,0.6388,-0.0195,-0.0432,0.0028,3,11,0.05737,equivalent (±5pp),
haiku,edn-table-primer,toon,primary,type:filtering,48,0.1736,0.1806,-0.0069,-0.0694,0.0556,1,3,0.625,no detectable difference,
haiku,edn-table-primer,toon,primary,type:field-retrieval,92,0.9891,0.9964,-0.0072,-0.0181,0.0,0,1,1.0,equivalent (±5pp),
haiku,edn-table-primer,toon,primary,track:mixed,135,0.721,0.7556,-0.0346,-0.0691,-0.0025,1,9,0.02148,B better,
haiku,edn-table-primer,toon,primary,shape:mixed,106,0.6667,0.7107,-0.044,-0.0849,-0.0063,0,8,0.00781,B better,
haiku,edn-table-primer,toon,primary,type:structure-awareness,36,0.8426,0.9074,-0.0648,-0.1481,0.0093,1,3,0.625,no detectable difference,
haiku,edn-table-primer,toon,primary,type:aggregation,63,0.291,0.3122,-0.0212,-0.0741,0.0265,1,4,0.375,no detectable difference,
haiku,edn-table-primer,toon,primary,shape:nested-config,29,0.9195,0.9195,0.0,-0.0575,0.069,1,1,1.0,no detectable difference,
haiku,edn-table-primer,json-compact,primary,overall,244,0.6189,0.6107,0.0082,-0.0109,0.0287,4,3,1.0,equivalent (±5pp),1.0
haiku,edn-table-primer,json-compact,primary,track:flat,109,0.4924,0.474,0.0183,-0.0183,0.0581,4,1,0.375,no detectable difference,
haiku,edn-table-primer,json-compact,primary,shape:structural-validation,5,0.6,0.6,0.0,0.0,0.0,0,0,1.0,equivalent (±5pp),
haiku,edn-table-primer,json-compact,primary,type:structural-validation,5,0.6,0.6,0.0,0.0,0.0,0,0,1.0,equivalent (±5pp),
haiku,edn-table-primer,json-compact,primary,shape:uniform-tables,104,0.4872,0.4679,0.0192,-0.016,0.0609,4,1,0.375,no detectable difference,
haiku,edn-table-primer,json-compact,primary,overall-excl-structural,239,0.6192,0.6109,0.0084,-0.0112,0.0293,4,3,1.0,equivalent (±5pp),
haiku,edn-table-primer,json-compact,primary,type:filtering,48,0.1736,0.1528,0.0208,-0.0347,0.0764,1,0,1.0,no detectable difference,
haiku,edn-table-primer,json-compact,primary,type:field-retrieval,92,0.9891,0.9964,-0.0072,-0.0181,0.0,0,1,1.0,equivalent (±5pp),
haiku,edn-table-primer,json-compact,primary,track:mixed,135,0.721,0.721,0.0,-0.0198,0.0198,0,2,0.5,equivalent (±5pp),
haiku,edn-table-primer,json-compact,primary,shape:mixed,106,0.6667,0.673,-0.0063,-0.0314,0.0189,0,2,0.5,equivalent (±5pp),
haiku,edn-table-primer,json-compact,primary,type:structure-awareness,36,0.8426,0.8056,0.037,-0.0463,0.1296,3,1,0.625,no detectable difference,
haiku,edn-table-primer,json-compact,primary,type:aggregation,63,0.291,0.2857,0.0053,-0.0317,0.0423,0,1,1.0,equivalent (±5pp),
haiku,edn-table-primer,json-compact,primary,shape:nested-config,29,0.9195,0.8966,0.023,0.0,0.0575,0,0,1.0,no detectable difference,
haiku,edn-maps,toon,primary,overall,244,0.6079,0.6462,-0.0383,-0.0669,-0.0123,1,13,0.00183,B better,0.04392
haiku,edn-maps,toon,primary,track:flat,109,0.4679,0.5107,-0.0428,-0.0887,-0.0031,0,5,0.0625,B better,
haiku,edn-maps,toon,primary,shape:structural-validation,5,0.4,1.0,-0.6,-1.0,-0.2,0,3,0.25,B better,
haiku,edn-maps,toon,primary,type:structural-validation,5,0.4,1.0,-0.6,-1.0,-0.2,0,3,0.25,B better,
haiku,edn-maps,toon,primary,shape:uniform-tables,104,0.4712,0.4872,-0.016,-0.0481,0.0128,0,2,0.5,equivalent (±5pp),
haiku,edn-maps,toon,primary,overall-excl-structural,239,0.6123,0.6388,-0.0265,-0.0516,-0.0042,1,10,0.01172,B better,
haiku,edn-maps,toon,primary,type:filtering,48,0.1667,0.1806,-0.0139,-0.0764,0.0417,0,3,0.25,no detectable difference,
haiku,edn-maps,toon,primary,type:field-retrieval,92,1.0,0.9964,0.0036,0.0,0.0109,0,0,1.0,equivalent (±5pp),
haiku,edn-maps,toon,primary,track:mixed,135,0.721,0.7556,-0.0346,-0.0692,-0.0025,1,8,0.03906,B better,
haiku,edn-maps,toon,primary,shape:mixed,106,0.6635,0.7107,-0.0472,-0.0912,-0.0094,0,7,0.01562,B better,
haiku,edn-maps,toon,primary,type:structure-awareness,36,0.787,0.9074,-0.1204,-0.2315,-0.0278,0,4,0.125,B better,
haiku,edn-maps,toon,primary,type:aggregation,63,0.2857,0.3122,-0.0265,-0.0794,0.0212,1,3,0.625,no detectable difference,
haiku,edn-maps,toon,primary,shape:nested-config,29,0.931,0.9195,0.0115,-0.046,0.0805,1,1,1.0,no detectable difference,
haiku,toon,json-compact,extra,overall,244,0.6462,0.6107,0.0355,0.0109,0.0628,12,1,0.00342,A better,
haiku,toon,json-compact,extra,track:flat,109,0.5107,0.474,0.0367,-0.0,0.0795,5,0,0.0625,no detectable difference,
haiku,toon,json-compact,extra,shape:structural-validation,5,1.0,0.6,0.4,0.0,0.8,2,0,0.5,no detectable difference,
haiku,toon,json-compact,extra,type:structural-validation,5,1.0,0.6,0.4,0.0,0.8,2,0,0.5,no detectable difference,
haiku,toon,json-compact,extra,shape:uniform-tables,104,0.4872,0.4679,0.0192,-0.0096,0.0545,3,0,0.25,no detectable difference,
haiku,toon,json-compact,extra,overall-excl-structural,239,0.6388,0.6109,0.0279,0.0056,0.053,10,1,0.01172,A better,
haiku,toon,json-compact,extra,type:filtering,48,0.1806,0.1528,0.0278,-0.0347,0.0972,3,0,0.25,no detectable difference,
haiku,toon,json-compact,extra,type:field-retrieval,92,0.9964,0.9964,0.0,0.0,0.0,0,0,1.0,equivalent (±5pp),
haiku,toon,json-compact,extra,track:mixed,135,0.7556,0.721,0.0346,0.0025,0.0691,7,1,0.07031,A better,
haiku,toon,json-compact,extra,shape:mixed,106,0.7107,0.673,0.0377,0.0031,0.0786,6,0,0.03125,A better,
haiku,toon,json-compact,extra,type:structure-awareness,36,0.9074,0.8056,0.1019,0.0093,0.213,4,0,0.125,A better,
haiku,toon,json-compact,extra,type:aggregation,63,0.3122,0.2857,0.0265,-0.0212,0.0794,3,1,0.625,no detectable difference,
haiku,toon,json-compact,extra,shape:nested-config,29,0.9195,0.8966,0.023,-0.046,0.092,1,1,1.0,no detectable difference,
haiku,edn-table,json-compact,extra,overall,244,0.6216,0.6107,0.0109,-0.0096,0.0328,6,2,0.28906,equivalent (±5pp),
haiku,edn-table,json-compact,extra,track:flat,109,0.4893,0.474,0.0153,-0.0183,0.052,4,0,0.125,no detectable difference,
haiku,edn-table,json-compact,extra,shape:structural-validation,5,0.6,0.6,0.0,0.0,0.0,0,0,1.0,equivalent (±5pp),
haiku,edn-table,json-compact,extra,type:structural-validation,5,0.6,0.6,0.0,0.0,0.0,0,0,1.0,equivalent (±5pp),
haiku,edn-table,json-compact,extra,shape:uniform-tables,104,0.484,0.4679,0.016,-0.0192,0.0577,4,0,0.125,no detectable difference,
haiku,edn-table,json-compact,extra,overall-excl-structural,239,0.622,0.6109,0.0112,-0.0084,0.0335,6,2,0.28906,equivalent (±5pp),
haiku,edn-table,json-compact,extra,type:filtering,48,0.1806,0.1528,0.0278,-0.0278,0.0833,0,0,1.0,no detectable difference,
haiku,edn-table,json-compact,extra,type:field-retrieval,92,0.9891,0.9964,-0.0072,-0.0181,0.0,0,1,1.0,equivalent (±5pp),
haiku,edn-table,json-compact,extra,track:mixed,135,0.7284,0.721,0.0074,-0.0148,0.0321,2,2,1.0,equivalent (±5pp),
haiku,edn-table,json-compact,extra,shape:mixed,106,0.673,0.673,-0.0,-0.0252,0.0252,1,2,1.0,equivalent (±5pp),
haiku,edn-table,json-compact,extra,type:structure-awareness,36,0.8333,0.8056,0.0278,-0.0556,0.1204,4,1,0.375,no detectable difference,
haiku,edn-table,json-compact,extra,type:aggregation,63,0.3016,0.2857,0.0159,-0.0265,0.0582,2,0,0.5,no detectable difference,
haiku,edn-table,json-compact,extra,shape:nested-config,29,0.931,0.8966,0.0345,-0.0115,0.092,1,0,1.0,no detectable difference,
haiku,edn-table,edn-maps,extra,overall,244,0.6216,0.6079,0.0137,-0.0068,0.0369,7,2,0.17969,equivalent (±5pp),
haiku,edn-table,edn-maps,extra,track:flat,109,0.4893,0.4679,0.0214,-0.0122,0.0612,4,0,0.125,no detectable difference,
haiku,edn-table,edn-maps,extra,shape:structural-validation,5,0.6,0.4,0.2,0.0,0.6,1,0,1.0,no detectable difference,
haiku,edn-table,edn-maps,extra,type:structural-validation,5,0.6,0.4,0.2,0.0,0.6,1,0,1.0,no detectable difference,
haiku,edn-table,edn-maps,extra,shape:uniform-tables,104,0.484,0.4712,0.0128,-0.0192,0.0481,3,0,0.25,equivalent (±5pp),
haiku,edn-table,edn-maps,extra,overall-excl-structural,239,0.622,0.6123,0.0098,-0.0098,0.0307,6,2,0.28906,equivalent (±5pp),
haiku,edn-table,edn-maps,extra,type:filtering,48,0.1806,0.1667,0.0139,-0.0417,0.0694,0,0,1.0,no detectable difference,
haiku,edn-table,edn-maps,extra,type:field-retrieval,92,0.9891,1.0,-0.0109,-0.029,0.0,0,1,1.0,equivalent (±5pp),
haiku,edn-table,edn-maps,extra,track:mixed,135,0.7284,0.721,0.0074,-0.0173,0.0321,3,2,1.0,equivalent (±5pp),
haiku,edn-table,edn-maps,extra,shape:mixed,106,0.673,0.6635,0.0094,-0.0189,0.0377,2,2,1.0,equivalent (±5pp),
haiku,edn-table,edn-maps,extra,type:structure-awareness,36,0.8333,0.787,0.0463,-0.0278,0.1389,4,1,0.375,no detectable difference,
haiku,edn-table,edn-maps,extra,type:aggregation,63,0.3016,0.2857,0.0159,-0.0159,0.0529,2,0,0.5,no detectable difference,
haiku,edn-table,edn-maps,extra,shape:nested-config,29,0.931,0.931,0.0,-0.046,0.0575,1,0,1.0,no detectable difference,
haiku,csv,toon,extra,overall,109,0.5138,0.5107,0.0031,-0.0275,0.0306,0,2,0.5,equivalent (±5pp),
haiku,csv,toon,extra,track:flat,109,0.5138,0.5107,0.0031,-0.0275,0.0306,0,2,0.5,equivalent (±5pp),
haiku,csv,toon,extra,shape:structural-validation,5,0.8,1.0,-0.2,-0.6,0.0,0,1,1.0,no detectable difference,
haiku,csv,toon,extra,type:structural-validation,5,0.8,1.0,-0.2,-0.6,0.0,0,1,1.0,no detectable difference,
haiku,csv,toon,extra,shape:uniform-tables,104,0.5,0.4872,0.0128,-0.0096,0.0353,0,1,1.0,equivalent (±5pp),
haiku,csv,toon,extra,overall-excl-structural,104,0.5,0.4872,0.0128,-0.0096,0.0353,0,1,1.0,equivalent (±5pp),
haiku,csv,toon,extra,type:filtering,27,0.1111,0.0617,0.0494,-0.0123,0.1111,0,1,1.0,no detectable difference,
haiku,csv,toon,extra,type:field-retrieval,32,0.9896,1.0,-0.0104,-0.0312,0.0,0,0,1.0,equivalent (±5pp),
haiku,csv,toon,extra,type:structure-awareness,16,0.8333,0.8125,0.0208,0.0,0.0625,0,0,1.0,no detectable difference,
haiku,csv,toon,extra,type:aggregation,29,0.1379,0.1379,-0.0,-0.046,0.046,0,0,1.0,equivalent (±5pp),
haiku,csv,edn-table,extra,overall,109,0.5138,0.4893,0.0245,-0.0183,0.0673,2,3,1.0,no detectable difference,
haiku,csv,edn-table,extra,track:flat,109,0.5138,0.4893,0.0245,-0.0183,0.0673,2,3,1.0,no detectable difference,
haiku,csv,edn-table,extra,shape:structural-validation,5,0.8,0.6,0.2,-0.4,0.8,2,1,1.0,no detectable difference,
haiku,csv,edn-table,extra,type:structural-validation,5,0.8,0.6,0.2,-0.4,0.8,2,1,1.0,no detectable difference,
haiku,csv,edn-table,extra,shape:uniform-tables,104,0.5,0.484,0.016,-0.0128,0.0449,0,2,0.5,equivalent (±5pp),
haiku,csv,edn-table,extra,overall-excl-structural,104,0.5,0.484,0.016,-0.0128,0.0449,0,2,0.5,equivalent (±5pp),
haiku,csv,edn-table,extra,type:filtering,27,0.1111,0.0494,0.0617,-0.0123,0.1358,0,0,1.0,no detectable difference,
haiku,csv,edn-table,extra,type:field-retrieval,32,0.9896,0.9896,0.0,-0.0312,0.0312,0,0,1.0,equivalent (±5pp),
haiku,csv,edn-table,extra,type:structure-awareness,16,0.8333,0.8125,0.0208,-0.0417,0.0833,0,1,1.0,no detectable difference,
haiku,csv,edn-table,extra,type:aggregation,29,0.1379,0.1494,-0.0115,-0.069,0.0345,0,1,1.0,no detectable difference,
haiku,csv,json-compact,extra,overall,109,0.5138,0.474,0.0398,-0.0031,0.0856,4,1,0.375,no detectable difference,
haiku,csv,json-compact,extra,track:flat,109,0.5138,0.474,0.0398,-0.0031,0.0856,4,1,0.375,no detectable difference,
haiku,csv,json-compact,extra,shape:structural-validation,5,0.8,0.6,0.2,-0.4,0.8,2,1,1.0,no detectable difference,
haiku,csv,json-compact,extra,type:structural-validation,5,0.8,0.6,0.2,-0.4,0.8,2,1,1.0,no detectable difference,
haiku,csv,json-compact,extra,shape:uniform-tables,104,0.5,0.4679,0.0321,-0.0,0.0673,2,0,0.5,no detectable difference,
haiku,csv,json-compact,extra,overall-excl-structural,104,0.5,0.4679,0.0321,0.0,0.0673,2,0,0.5,no detectable difference,
haiku,csv,json-compact,extra,type:filtering,27,0.1111,0.0494,0.0617,-0.0003,0.1235,0,0,1.0,no detectable difference,
haiku,csv,json-compact,extra,type:field-retrieval,32,0.9896,1.0,-0.0104,-0.0312,0.0,0,0,1.0,equivalent (±5pp),
haiku,csv,json-compact,extra,type:structure-awareness,16,0.8333,0.7083,0.125,0.0,0.3125,2,0,0.5,no detectable difference,
haiku,csv,json-compact,extra,type:aggregation,29,0.1379,0.1379,-0.0,-0.0345,0.0345,0,0,1.0,equivalent (±5pp),
sonnet,edn-maps,json-compact,primary,overall,244,0.6475,0.6434,0.0041,-0.0191,0.026,9,5,0.42395,equivalent (±5pp),1.0
sonnet,edn-maps,json-compact,primary,track:flat,109,0.4985,0.4862,0.0122,-0.0306,0.052,6,4,0.75391,no detectable difference,
sonnet,edn-maps,json-compact,primary,shape:structural-validation,5,0.4,0.6,-0.2,-0.6,0.0,0,1,1.0,no detectable difference,
sonnet,edn-maps,json-compact,primary,type:structural-validation,5,0.4,0.6,-0.2,-0.6,0.0,0,1,1.0,no detectable difference,
sonnet,edn-maps,json-compact,primary,shape:uniform-tables,104,0.5032,0.4808,0.0224,-0.016,0.0609,6,3,0.50781,no detectable difference,
sonnet,edn-maps,json-compact,primary,overall-excl-structural,239,0.6527,0.6444,0.0084,-0.0139,0.0293,9,4,0.26685,equivalent (±5pp),
sonnet,edn-maps,json-compact,primary,type:filtering,48,0.2708,0.2222,0.0486,-0.0139,0.1111,6,0,0.03125,no detectable difference,
sonnet,edn-maps,json-compact,primary,type:field-retrieval,92,0.9964,0.9964,0.0,-0.0109,0.0109,0,0,1.0,equivalent (±5pp),
sonnet,edn-maps,json-compact,primary,track:mixed,135,0.7679,0.7704,-0.0025,-0.0272,0.0198,3,1,0.625,equivalent (±5pp),
sonnet,edn-maps,json-compact,primary,shape:mixed,106,0.7044,0.7107,-0.0063,-0.0346,0.022,3,1,0.625,equivalent (±5pp),
sonnet,edn-maps,json-compact,primary,type:structure-awareness,36,0.8148,0.8148,-0.0,-0.0833,0.0741,1,2,1.0,no detectable difference,
sonnet,edn-maps,json-compact,primary,type:aggregation,63,0.3492,0.3545,-0.0053,-0.0529,0.037,2,2,1.0,no detectable difference,
sonnet,edn-maps,json-compact,primary,shape:nested-config,29,1.0,0.9885,0.0115,0.0,0.0345,0,0,1.0,equivalent (±5pp),
sonnet,edn-table,toon,primary,overall,244,0.6462,0.6735,-0.0273,-0.0574,0.0027,6,15,0.07835,no detectable difference,1.0
sonnet,edn-table,toon,primary,track:flat,109,0.4893,0.5352,-0.0459,-0.0918,-0.0031,2,7,0.17969,B better,
sonnet,edn-table,toon,primary,shape:structural-validation,5,0.6,1.0,-0.4,-0.8,0.0,0,2,0.5,no detectable difference,
sonnet,edn-table,toon,primary,type:structural-validation,5,0.6,1.0,-0.4,-0.8,0.0,0,2,0.5,no detectable difference,
sonnet,edn-table,toon,primary,shape:uniform-tables,104,0.484,0.5128,-0.0288,-0.0673,0.0096,2,5,0.45312,no detectable difference,
sonnet,edn-table,toon,primary,overall-excl-structural,239,0.6471,0.6667,-0.0195,-0.0488,0.0084,6,13,0.16707,equivalent (±5pp),
sonnet,edn-table,toon,primary,type:filtering,48,0.2292,0.2083,0.0208,-0.0556,0.0972,3,3,1.0,no detectable difference,
sonnet,edn-table,toon,primary,type:field-retrieval,92,0.9928,0.9783,0.0145,0.0,0.0326,1,0,1.0,equivalent (±5pp),
sonnet,edn-table,toon,primary,track:mixed,135,0.7728,0.7852,-0.0123,-0.0543,0.0272,4,8,0.3877,no detectable difference,
sonnet,edn-table,toon,primary,shape:mixed,106,0.7107,0.7296,-0.0189,-0.0723,0.0314,4,8,0.3877,no detectable difference,
sonnet,edn-table,toon,primary,type:structure-awareness,36,0.8241,0.9259,-0.1019,-0.213,0.0,1,4,0.375,no detectable difference,
sonnet,edn-table,toon,primary,type:aggregation,63,0.3598,0.4127,-0.0529,-0.1164,0.0053,1,6,0.125,no detectable difference,
sonnet,edn-table,toon,primary,shape:nested-config,29,1.0,0.9885,0.0115,0.0,0.0345,0,0,1.0,equivalent (±5pp),
sonnet,edn-table-primer,edn-table,primary,overall,244,0.6475,0.6462,0.0014,-0.0178,0.0205,8,3,0.22656,equivalent (±5pp),1.0
sonnet,edn-table-primer,edn-table,primary,track:flat,109,0.4893,0.4893,0.0,-0.0245,0.0275,3,1,0.625,equivalent (±5pp),
sonnet,edn-table-primer,edn-table,primary,shape:structural-validation,5,0.6,0.6,0.0,0.0,0.0,0,0,1.0,equivalent (±5pp),
sonnet,edn-table-primer,edn-table,primary,type:structural-validation,5,0.6,0.6,0.0,0.0,0.0,0,0,1.0,equivalent (±5pp),
sonnet,edn-table-primer,edn-table,primary,shape:uniform-tables,104,0.484,0.484,-0.0,-0.0256,0.0288,3,1,0.625,equivalent (±5pp),
sonnet,edn-table-primer,edn-table,primary,overall-excl-structural,239,0.6485,0.6471,0.0014,-0.0181,0.0209,8,3,0.22656,equivalent (±5pp),
sonnet,edn-table-primer,edn-table,primary,type:filtering,48,0.2153,0.2292,-0.0139,-0.0694,0.0417,3,1,0.625,no detectable difference,
sonnet,edn-table-primer,edn-table,primary,type:field-retrieval,92,0.9891,0.9928,-0.0036,-0.0109,0.0,0,0,1.0,equivalent (±5pp),
sonnet,edn-table-primer,edn-table,primary,track:mixed,135,0.7753,0.7728,0.0025,-0.0247,0.0296,5,2,0.45312,equivalent (±5pp),
sonnet,edn-table-primer,edn-table,primary,shape:mixed,106,0.7201,0.7107,0.0094,-0.022,0.044,5,1,0.21875,equivalent (±5pp),
sonnet,edn-table-primer,edn-table,primary,type:structure-awareness,36,0.8704,0.8241,0.0463,-0.0278,0.1389,3,1,0.625,no detectable difference,
sonnet,edn-table-primer,edn-table,primary,type:aggregation,63,0.3545,0.3598,-0.0053,-0.0423,0.0265,2,1,1.0,equivalent (±5pp),
sonnet,edn-table-primer,edn-table,primary,shape:nested-config,29,0.977,1.0,-0.023,-0.069,0.0,0,1,1.0,no detectable difference,
sonnet,edn-table-primer,toon,primary,overall,244,0.6475,0.6735,-0.026,-0.0533,0.0,7,11,0.48068,no detectable difference,1.0
sonnet,edn-table-primer,toon,primary,track:flat,109,0.4893,0.5352,-0.0459,-0.0917,-0.0031,4,7,0.54883,B better,
sonnet,edn-table-primer,toon,primary,shape:structural-validation,5,0.6,1.0,-0.4,-0.8,0.0,0,2,0.5,no detectable difference,
sonnet,edn-table-primer,toon,primary,type:structural-validation,5,0.6,1.0,-0.4,-0.8,0.0,0,2,0.5,no detectable difference,
sonnet,edn-table-primer,toon,primary,shape:uniform-tables,104,0.484,0.5128,-0.0288,-0.0673,0.0096,4,5,1.0,no detectable difference,
sonnet,edn-table-primer,toon,primary,overall-excl-structural,239,0.6485,0.6667,-0.0181,-0.0432,0.0056,7,9,0.80362,equivalent (±5pp),
sonnet,edn-table-primer,toon,primary,type:filtering,48,0.2153,0.2083,0.0069,-0.0556,0.0764,4,2,0.6875,no detectable difference,
sonnet,edn-table-primer,toon,primary,type:field-retrieval,92,0.9891,0.9783,0.0109,0.0,0.029,1,0,1.0,equivalent (±5pp),
sonnet,edn-table-primer,toon,primary,track:mixed,135,0.7753,0.7852,-0.0099,-0.042,0.0222,3,4,1.0,equivalent (±5pp),
sonnet,edn-table-primer,toon,primary,shape:mixed,106,0.7201,0.7296,-0.0094,-0.0503,0.0314,3,3,1.0,no detectable difference,
sonnet,edn-table-primer,toon,primary,type:structure-awareness,36,0.8704,0.9259,-0.0556,-0.1389,0.0185,1,2,1.0,no detectable difference,
sonnet,edn-table-primer,toon,primary,type:aggregation,63,0.3545,0.4127,-0.0582,-0.1217,0.0,1,5,0.21875,no detectable difference,
sonnet,edn-table-primer,toon,primary,shape:nested-config,29,0.977,0.9885,-0.0115,-0.0345,0.0,0,1,1.0,equivalent (±5pp),
sonnet,edn-table-primer,json-compact,primary,overall,244,0.6475,0.6434,0.0041,-0.0191,0.0273,11,6,0.33231,equivalent (±5pp),1.0
sonnet,edn-table-primer,json-compact,primary,track:flat,109,0.4893,0.4862,0.0031,-0.0398,0.0459,6,4,0.75391,equivalent (±5pp),
sonnet,edn-table-primer,json-compact,primary,shape:structural-validation,5,0.6,0.6,0.0,0.0,0.0,0,0,1.0,equivalent (±5pp),
sonnet,edn-table-primer,json-compact,primary,type:structural-validation,5,0.6,0.6,0.0,0.0,0.0,0,0,1.0,equivalent (±5pp),
sonnet,edn-table-primer,json-compact,primary,shape:uniform-tables,104,0.484,0.4808,0.0032,-0.0417,0.0481,6,4,0.75391,equivalent (±5pp),
sonnet,edn-table-primer,json-compact,primary,overall-excl-structural,239,0.6485,0.6444,0.0042,-0.0195,0.0293,11,6,0.33231,equivalent (±5pp),
sonnet,edn-table-primer,json-compact,primary,type:filtering,48,0.2153,0.2222,-0.0069,-0.0694,0.0556,5,2,0.45312,no detectable difference,
sonnet,edn-table-primer,json-compact,primary,type:field-retrieval,92,0.9891,0.9964,-0.0072,-0.0254,0.0072,0,1,1.0,equivalent (±5pp),
sonnet,edn-table-primer,json-compact,primary,track:mixed,135,0.7753,0.7704,0.0049,-0.0198,0.0321,5,2,0.45312,equivalent (±5pp),
sonnet,edn-table-primer,json-compact,primary,shape:mixed,106,0.7201,0.7107,0.0094,-0.022,0.0409,5,1,0.21875,equivalent (±5pp),
sonnet,edn-table-primer,json-compact,primary,type:structure-awareness,36,0.8704,0.8148,0.0556,-0.037,0.1574,3,1,0.625,no detectable difference,
sonnet,edn-table-primer,json-compact,primary,type:aggregation,63,0.3545,0.3545,0.0,-0.0476,0.0423,3,2,1.0,equivalent (±5pp),
sonnet,edn-table-primer,json-compact,primary,shape:nested-config,29,0.977,0.9885,-0.0115,-0.0345,0.0,0,1,1.0,equivalent (±5pp),
sonnet,edn-maps,toon,primary,overall,244,0.6475,0.6735,-0.026,-0.0587,0.0055,11,16,0.44207,no detectable difference,1.0
sonnet,edn-maps,toon,primary,track:flat,109,0.4985,0.5352,-0.0367,-0.0917,0.0183,7,10,0.62906,no detectable difference,
sonnet,edn-maps,toon,primary,shape:structural-validation,5,0.4,1.0,-0.6,-1.0,-0.2,0,3,0.25,B better,
sonnet,edn-maps,toon,primary,type:structural-validation,5,0.4,1.0,-0.6,-1.0,-0.2,0,3,0.25,B better,
sonnet,edn-maps,toon,primary,shape:uniform-tables,104,0.5032,0.5128,-0.0096,-0.0577,0.0385,7,7,1.0,no detectable difference,
sonnet,edn-maps,toon,primary,overall-excl-structural,239,0.6527,0.6667,-0.0139,-0.0432,0.0153,11,13,0.83882,equivalent (±5pp),
sonnet,edn-maps,toon,primary,type:filtering,48,0.2708,0.2083,0.0625,-0.0139,0.1458,6,1,0.125,no detectable difference,
sonnet,edn-maps,toon,primary,type:field-retrieval,92,0.9964,0.9783,0.0181,0.0,0.0399,2,0,0.5,equivalent (±5pp),
sonnet,edn-maps,toon,primary,track:mixed,135,0.7679,0.7852,-0.0173,-0.0543,0.0173,4,6,0.75391,no detectable difference,
sonnet,edn-maps,toon,primary,shape:mixed,106,0.7044,0.7296,-0.0252,-0.0723,0.0189,4,6,0.75391,no detectable difference,
sonnet,edn-maps,toon,primary,type:structure-awareness,36,0.8148,0.9259,-0.1111,-0.213,-0.0093,1,5,0.21875,B better,
sonnet,edn-maps,toon,primary,type:aggregation,63,0.3492,0.4127,-0.0635,-0.127,-0.0053,2,7,0.17969,B better,
sonnet,edn-maps,toon,primary,shape:nested-config,29,1.0,0.9885,0.0115,0.0,0.0345,0,0,1.0,equivalent (±5pp),
sonnet,toon,json-compact,extra,overall,244,0.6735,0.6434,0.0301,0.0027,0.0601,15,6,0.07835,A better,
sonnet,toon,json-compact,extra,track:flat,109,0.5352,0.4862,0.0489,0.0031,0.0979,8,3,0.22656,A better,
sonnet,toon,json-compact,extra,shape:structural-validation,5,1.0,0.6,0.4,0.0,0.8,2,0,0.5,no detectable difference,
sonnet,toon,json-compact,extra,type:structural-validation,5,1.0,0.6,0.4,0.0,0.8,2,0,0.5,no detectable difference,
sonnet,toon,json-compact,extra,shape:uniform-tables,104,0.5128,0.4808,0.0321,-0.0096,0.0769,6,3,0.50781,no detectable difference,
sonnet,toon,json-compact,extra,overall-excl-structural,239,0.6667,0.6444,0.0223,-0.0042,0.0502,13,6,0.16707,no detectable difference,
sonnet,toon,json-compact,extra,type:filtering,48,0.2083,0.2222,-0.0139,-0.0903,0.0625,3,2,1.0,no detectable difference,
sonnet,toon,json-compact,extra,type:field-retrieval,92,0.9783,0.9964,-0.0181,-0.0435,0.0036,0,2,0.5,equivalent (±5pp),
sonnet,toon,json-compact,extra,track:mixed,135,0.7852,0.7704,0.0148,-0.0173,0.0494,7,3,0.34375,equivalent (±5pp),
sonnet,toon,json-compact,extra,shape:mixed,106,0.7296,0.7107,0.0189,-0.022,0.066,7,3,0.34375,no detectable difference,
sonnet,toon,json-compact,extra,type:structure-awareness,36,0.9259,0.8148,0.1111,0.0185,0.213,4,1,0.375,A better,
sonnet,toon,json-compact,extra,type:aggregation,63,0.4127,0.3545,0.0582,0.0106,0.1111,6,1,0.125,A better,
sonnet,toon,json-compact,extra,shape:nested-config,29,0.9885,0.9885,0.0,0.0,0.0,0,0,1.0,equivalent (±5pp),
sonnet,edn-table,json-compact,extra,overall,244,0.6462,0.6434,0.0027,-0.0205,0.0273,7,7,1.0,equivalent (±5pp),
sonnet,edn-table,json-compact,extra,track:flat,109,0.4893,0.4862,0.0031,-0.0398,0.0459,4,4,1.0,equivalent (±5pp),
sonnet,edn-table,json-compact,extra,shape:structural-validation,5,0.6,0.6,0.0,0.0,0.0,0,0,1.0,equivalent (±5pp),
sonnet,edn-table,json-compact,extra,type:structural-validation,5,0.6,0.6,0.0,0.0,0.0,0,0,1.0,equivalent (±5pp),
sonnet,edn-table,json-compact,extra,shape:uniform-tables,104,0.484,0.4808,0.0032,-0.0417,0.0481,4,4,1.0,equivalent (±5pp),
sonnet,edn-table,json-compact,extra,overall-excl-structural,239,0.6471,0.6444,0.0028,-0.0209,0.0265,7,7,1.0,equivalent (±5pp),
sonnet,edn-table,json-compact,extra,type:filtering,48,0.2292,0.2222,0.0069,-0.0625,0.0764,3,2,1.0,no detectable difference,
sonnet,edn-table,json-compact,extra,type:field-retrieval,92,0.9928,0.9964,-0.0036,-0.0217,0.0109,0,1,1.0,equivalent (±5pp),
sonnet,edn-table,json-compact,extra,track:mixed,135,0.7728,0.7704,0.0025,-0.0247,0.0272,3,3,1.0,equivalent (±5pp),
sonnet,edn-table,json-compact,extra,shape:mixed,106,0.7107,0.7107,0.0,-0.0346,0.0314,3,3,1.0,equivalent (±5pp),
sonnet,edn-table,json-compact,extra,type:structure-awareness,36,0.8241,0.8148,0.0093,-0.0926,0.1111,2,2,1.0,no detectable difference,
sonnet,edn-table,json-compact,extra,type:aggregation,63,0.3598,0.3545,0.0053,-0.037,0.0476,2,2,1.0,equivalent (±5pp),
sonnet,edn-table,json-compact,extra,shape:nested-config,29,1.0,0.9885,0.0115,0.0,0.0345,0,0,1.0,equivalent (±5pp),
sonnet,edn-table,edn-maps,extra,overall,244,0.6462,0.6475,-0.0014,-0.026,0.0219,6,10,0.4545,equivalent (±5pp),
sonnet,edn-table,edn-maps,extra,track:flat,109,0.4893,0.4985,-0.0092,-0.052,0.0367,4,6,0.75391,no detectable difference,
sonnet,edn-table,edn-maps,extra,shape:structural-validation,5,0.6,0.4,0.2,0.0,0.6,1,0,1.0,no detectable difference,
sonnet,edn-table,edn-maps,extra,type:structural-validation,5,0.6,0.4,0.2,0.0,0.6,1,0,1.0,no detectable difference,
sonnet,edn-table,edn-maps,extra,shape:uniform-tables,104,0.484,0.5032,-0.0192,-0.0609,0.0224,3,6,0.50781,no detectable difference,
sonnet,edn-table,edn-maps,extra,overall-excl-structural,239,0.6471,0.6527,-0.0056,-0.0279,0.0167,5,10,0.30176,equivalent (±5pp),
sonnet,edn-table,edn-maps,extra,type:filtering,48,0.2292,0.2708,-0.0417,-0.1042,0.0208,1,6,0.125,no detectable difference,
sonnet,edn-table,edn-maps,extra,type:field-retrieval,92,0.9928,0.9964,-0.0036,-0.0217,0.0109,0,1,1.0,equivalent (±5pp),
sonnet,edn-table,edn-maps,extra,track:mixed,135,0.7728,0.7679,0.0049,-0.0198,0.0272,2,4,0.6875,equivalent (±5pp),
sonnet,edn-table,edn-maps,extra,shape:mixed,106,0.7107,0.7044,0.0063,-0.0252,0.0346,2,4,0.6875,equivalent (±5pp),
sonnet,edn-table,edn-maps,extra,type:structure-awareness,36,0.8241,0.8148,0.0093,-0.0926,0.1019,3,2,1.0,no detectable difference,
sonnet,edn-table,edn-maps,extra,type:aggregation,63,0.3598,0.3492,0.0106,-0.0265,0.0476,1,1,1.0,equivalent (±5pp),
sonnet,edn-table,edn-maps,extra,shape:nested-config,29,1.0,1.0,0.0,0.0,0.0,0,0,1.0,equivalent (±5pp),
sonnet,csv,toon,extra,overall,109,0.5046,0.5352,-0.0306,-0.0795,0.0153,3,5,0.72656,no detectable difference,
sonnet,csv,toon,extra,track:flat,109,0.5046,0.5352,-0.0306,-0.0765,0.0153,3,5,0.72656,no detectable difference,
sonnet,csv,toon,extra,shape:structural-validation,5,0.8,1.0,-0.2,-0.6,0.0,0,1,1.0,no detectable difference,
sonnet,csv,toon,extra,type:structural-validation,5,0.8,1.0,-0.2,-0.6,0.0,0,1,1.0,no detectable difference,
sonnet,csv,toon,extra,shape:uniform-tables,104,0.4904,0.5128,-0.0224,-0.0673,0.0224,3,4,1.0,no detectable difference,
sonnet,csv,toon,extra,overall-excl-structural,104,0.4904,0.5128,-0.0224,-0.0673,0.0224,3,4,1.0,no detectable difference,
sonnet,csv,toon,extra,type:filtering,27,0.0741,0.0988,-0.0247,-0.1235,0.0864,1,1,1.0,no detectable difference,
sonnet,csv,toon,extra,type:field-retrieval,32,1.0,0.9479,0.0521,0.0,0.1146,2,0,0.5,no detectable difference,
sonnet,csv,toon,extra,type:structure-awareness,16,0.8542,0.875,-0.0208,-0.0625,0.0,0,0,1.0,no detectable difference,
sonnet,csv,toon,extra,type:aggregation,29,0.1149,0.2184,-0.1034,-0.2069,-0.0115,0,3,0.25,B better,
sonnet,csv,edn-table,extra,overall,109,0.5046,0.4893,0.0153,-0.0275,0.0581,5,2,0.45312,no detectable difference,
sonnet,csv,edn-table,extra,track:flat,109,0.5046,0.4893,0.0153,-0.0275,0.0612,5,2,0.45312,no detectable difference,
sonnet,csv,edn-table,extra,shape:structural-validation,5,0.8,0.6,0.2,-0.4,0.8,2,1,1.0,no detectable difference,
sonnet,csv,edn-table,extra,type:structural-validation,5,0.8,0.6,0.2,-0.4,0.8,2,1,1.0,no detectable difference,
sonnet,csv,edn-table,extra,shape:uniform-tables,104,0.4904,0.484,0.0064,-0.0256,0.0417,3,1,0.625,equivalent (±5pp),
sonnet,csv,edn-table,extra,overall-excl-structural,104,0.4904,0.484,0.0064,-0.0256,0.0417,3,1,0.625,equivalent (±5pp),
sonnet,csv,edn-table,extra,type:filtering,27,0.0741,0.0864,-0.0123,-0.1111,0.0864,1,1,1.0,no detectable difference,
sonnet,csv,edn-table,extra,type:field-retrieval,32,1.0,0.9792,0.0208,0.0,0.0625,1,0,1.0,no detectable difference,
sonnet,csv,edn-table,extra,type:structure-awareness,16,0.8542,0.7917,0.0625,0.0,0.1667,1,0,1.0,no detectable difference,
sonnet,csv,edn-table,extra,type:aggregation,29,0.1149,0.1379,-0.023,-0.069,0.023,0,0,1.0,no detectable difference,
sonnet,csv,json-compact,extra,overall,109,0.5046,0.4862,0.0183,-0.0275,0.0673,6,3,0.50781,no detectable difference,
sonnet,csv,json-compact,extra,track:flat,109,0.5046,0.4862,0.0183,-0.0275,0.0673,6,3,0.50781,no detectable difference,
sonnet,csv,json-compact,extra,shape:structural-validation,5,0.8,0.6,0.2,-0.4,0.8,2,1,1.0,no detectable difference,
sonnet,csv,json-compact,extra,type:structural-validation,5,0.8,0.6,0.2,-0.4,0.8,2,1,1.0,no detectable difference,
sonnet,csv,json-compact,extra,shape:uniform-tables,104,0.4904,0.4808,0.0096,-0.0288,0.0481,4,2,0.6875,equivalent (±5pp),
sonnet,csv,json-compact,extra,overall-excl-structural,104,0.4904,0.4808,0.0096,-0.0288,0.0513,4,2,0.6875,no detectable difference,
sonnet,csv,json-compact,extra,type:filtering,27,0.0741,0.0741,0.0,-0.0741,0.0864,1,1,1.0,no detectable difference,
sonnet,csv,json-compact,extra,type:field-retrieval,32,1.0,1.0,0.0,0.0,0.0,0,0,1.0,equivalent (±5pp),
sonnet,csv,json-compact,extra,type:structure-awareness,16,0.8542,0.7708,0.0833,-0.0417,0.25,2,0,0.5,no detectable difference,
sonnet,csv,json-compact,extra,type:aggregation,29,0.1149,0.1264,-0.0115,-0.1034,0.069,1,1,1.0,no detectable difference,
opus,edn-maps,json-compact,primary,overall,244,0.9754,0.974,0.0014,-0.0041,0.0068,0,0,1.0,equivalent (±5pp),1.0
opus,edn-maps,json-compact,primary,track:flat,109,0.945,0.9419,0.0031,-0.0092,0.0153,0,0,1.0,equivalent (±5pp),
opus,edn-maps,json-compact,primary,shape:structural-validation,5,0.6,0.6,0.0,0.0,0.0,0,0,1.0,equivalent (±5pp),
opus,edn-maps,json-compact,primary,type:structural-validation,5,0.6,0.6,0.0,0.0,0.0,0,0,1.0,equivalent (±5pp),
opus,edn-maps,json-compact,primary,shape:uniform-tables,104,0.9615,0.9583,0.0032,-0.0096,0.0192,0,0,1.0,equivalent (±5pp),
opus,edn-maps,json-compact,primary,overall-excl-structural,239,0.9833,0.9819,0.0014,-0.0042,0.0084,0,0,1.0,equivalent (±5pp),
opus,edn-maps,json-compact,primary,type:filtering,48,0.9931,1.0,-0.0069,-0.0208,0.0,0,0,1.0,equivalent (±5pp),
opus,edn-maps,json-compact,primary,type:field-retrieval,92,1.0,1.0,0.0,0.0,0.0,0,0,1.0,equivalent (±5pp),
opus,edn-maps,json-compact,primary,track:mixed,135,1.0,1.0,0.0,0.0,0.0,0,0,1.0,equivalent (±5pp),
opus,edn-maps,json-compact,primary,shape:mixed,106,1.0,1.0,0.0,0.0,0.0,0,0,1.0,equivalent (±5pp),
opus,edn-maps,json-compact,primary,type:structure-awareness,36,0.9444,0.9444,0.0,0.0,0.0,0,0,1.0,equivalent (±5pp),
opus,edn-maps,json-compact,primary,type:aggregation,63,0.9735,0.963,0.0106,-0.0106,0.0317,0,0,1.0,equivalent (±5pp),
opus,edn-maps,json-compact,primary,shape:nested-config,29,1.0,1.0,0.0,0.0,0.0,0,0,1.0,equivalent (±5pp),
opus,edn-table,toon,primary,overall,244,0.9699,0.9836,-0.0137,-0.0287,-0.0014,0,2,0.5,B better (within ±5pp),1.0
opus,edn-table,toon,primary,track:flat,109,0.9358,0.9633,-0.0275,-0.0612,0.0,0,2,0.5,no detectable difference,
opus,edn-table,toon,primary,shape:structural-validation,5,0.6,1.0,-0.4,-0.8,0.0,0,2,0.5,no detectable difference,
opus,edn-table,toon,primary,type:structural-validation,5,0.6,1.0,-0.4,-0.8,0.0,0,2,0.5,no detectable difference,
opus,edn-table,toon,primary,shape:uniform-tables,104,0.9519,0.9615,-0.0096,-0.0288,0.0096,0,0,1.0,equivalent (±5pp),
opus,edn-table,toon,primary,overall-excl-structural,239,0.9777,0.9833,-0.0056,-0.0139,0.0028,0,0,1.0,equivalent (±5pp),
opus,edn-table,toon,primary,type:filtering,48,0.9792,0.9931,-0.0139,-0.0417,0.0139,0,0,1.0,equivalent (±5pp),
opus,edn-table,toon,primary,type:field-retrieval,92,1.0,1.0,0.0,0.0,0.0,0,0,1.0,equivalent (±5pp),
opus,edn-table,toon,primary,track:mixed,135,0.9975,1.0,-0.0025,-0.0074,0.0,0,0,1.0,equivalent (±5pp),
opus,edn-table,toon,primary,shape:mixed,106,0.9969,1.0,-0.0031,-0.0094,0.0,0,0,1.0,equivalent (±5pp),
opus,edn-table,toon,primary,type:structure-awareness,36,0.9444,0.9444,0.0,0.0,0.0,0,0,1.0,equivalent (±5pp),
opus,edn-table,toon,primary,type:aggregation,63,0.963,0.9735,-0.0106,-0.037,0.0159,0,0,1.0,equivalent (±5pp),
opus,edn-table,toon,primary,shape:nested-config,29,1.0,1.0,0.0,0.0,0.0,0,0,1.0,equivalent (±5pp),
opus,edn-table-primer,edn-table,primary,overall,244,0.9699,0.9699,0.0,-0.0068,0.0068,0,1,1.0,equivalent (±5pp),1.0
opus,edn-table-primer,edn-table,primary,track:flat,109,0.9419,0.9358,0.0061,-0.0061,0.0183,0,0,1.0,equivalent (±5pp),
opus,edn-table-primer,edn-table,primary,shape:structural-validation,5,0.6,0.6,0.0,0.0,0.0,0,0,1.0,equivalent (±5pp),
opus,edn-table-primer,edn-table,primary,type:structural-validation,5,0.6,0.6,0.0,0.0,0.0,0,0,1.0,equivalent (±5pp),
opus,edn-table-primer,edn-table,primary,shape:uniform-tables,104,0.9583,0.9519,0.0064,-0.0064,0.0192,0,0,1.0,equivalent (±5pp),
opus,edn-table-primer,edn-table,primary,overall-excl-structural,239,0.9777,0.9777,0.0,-0.007,0.007,0,1,1.0,equivalent (±5pp),
opus,edn-table-primer,edn-table,primary,type:filtering,48,0.9792,0.9792,0.0,-0.0208,0.0208,0,0,1.0,equivalent (±5pp),
opus,edn-table-primer,edn-table,primary,type:field-retrieval,92,1.0,1.0,0.0,0.0,0.0,0,0,1.0,equivalent (±5pp),
opus,edn-table-primer,edn-table,primary,track:mixed,135,0.9926,0.9975,-0.0049,-0.0123,0.0,0,1,1.0,equivalent (±5pp),
opus,edn-table-primer,edn-table,primary,shape:mixed,106,0.9906,0.9969,-0.0063,-0.0157,0.0,0,1,1.0,equivalent (±5pp),
opus,edn-table-primer,edn-table,primary,type:structure-awareness,36,0.9444,0.9444,0.0,0.0,0.0,0,0,1.0,equivalent (±5pp),
opus,edn-table-primer,edn-table,primary,type:aggregation,63,0.963,0.963,0.0,-0.0212,0.0212,0,1,1.0,equivalent (±5pp),
opus,edn-table-primer,edn-table,primary,shape:nested-config,29,1.0,1.0,0.0,0.0,0.0,0,0,1.0,equivalent (±5pp),
opus,edn-table-primer,toon,primary,overall,244,0.9699,0.9836,-0.0137,-0.0301,0.0,0,3,0.25,equivalent (±5pp),1.0
opus,edn-table-primer,toon,primary,track:flat,109,0.9419,0.9633,-0.0214,-0.055,0.0061,0,2,0.5,no detectable difference,
opus,edn-table-primer,toon,primary,shape:structural-validation,5,0.6,1.0,-0.4,-0.8,0.0,0,2,0.5,no detectable difference,
opus,edn-table-primer,toon,primary,type:structural-validation,5,0.6,1.0,-0.4,-0.8,0.0,0,2,0.5,no detectable difference,
opus,edn-table-primer,toon,primary,shape:uniform-tables,104,0.9583,0.9615,-0.0032,-0.0192,0.0128,0,0,1.0,equivalent (±5pp),
opus,edn-table-primer,toon,primary,overall-excl-structural,239,0.9777,0.9833,-0.0056,-0.0153,0.0028,0,1,1.0,equivalent (±5pp),
opus,edn-table-primer,toon,primary,type:filtering,48,0.9792,0.9931,-0.0139,-0.0417,0.0139,0,0,1.0,equivalent (±5pp),
opus,edn-table-primer,toon,primary,type:field-retrieval,92,1.0,1.0,0.0,0.0,0.0,0,0,1.0,equivalent (±5pp),
opus,edn-table-primer,toon,primary,track:mixed,135,0.9926,1.0,-0.0074,-0.0198,0.0,0,1,1.0,equivalent (±5pp),
opus,edn-table-primer,toon,primary,shape:mixed,106,0.9906,1.0,-0.0094,-0.0252,0.0,0,1,1.0,equivalent (±5pp),
opus,edn-table-primer,toon,primary,type:structure-awareness,36,0.9444,0.9444,0.0,0.0,0.0,0,0,1.0,equivalent (±5pp),
opus,edn-table-primer,toon,primary,type:aggregation,63,0.963,0.9735,-0.0106,-0.0423,0.0159,0,1,1.0,equivalent (±5pp),
opus,edn-table-primer,toon,primary,shape:nested-config,29,1.0,1.0,0.0,0.0,0.0,0,0,1.0,equivalent (±5pp),
opus,edn-table-primer,json-compact,primary,overall,244,0.9699,0.974,-0.0041,-0.0137,0.0055,0,1,1.0,equivalent (±5pp),1.0
opus,edn-table-primer,json-compact,primary,track:flat,109,0.9419,0.9419,0.0,-0.0183,0.0153,0,0,1.0,equivalent (±5pp),
opus,edn-table-primer,json-compact,primary,shape:structural-validation,5,0.6,0.6,0.0,0.0,0.0,0,0,1.0,equivalent (±5pp),
opus,edn-table-primer,json-compact,primary,type:structural-validation,5,0.6,0.6,0.0,0.0,0.0,0,0,1.0,equivalent (±5pp),
opus,edn-table-primer,json-compact,primary,shape:uniform-tables,104,0.9583,0.9583,0.0,-0.016,0.0192,0,0,1.0,equivalent (±5pp),
opus,edn-table-primer,json-compact,primary,overall-excl-structural,239,0.9777,0.9819,-0.0042,-0.0139,0.0056,0,1,1.0,equivalent (±5pp),
opus,edn-table-primer,json-compact,primary,type:filtering,48,0.9792,1.0,-0.0208,-0.0486,0.0,0,0,1.0,equivalent (±5pp),
opus,edn-table-primer,json-compact,primary,type:field-retrieval,92,1.0,1.0,0.0,0.0,0.0,0,0,1.0,equivalent (±5pp),
opus,edn-table-primer,json-compact,primary,track:mixed,135,0.9926,1.0,-0.0074,-0.0198,0.0,0,1,1.0,equivalent (±5pp),
opus,edn-table-primer,json-compact,primary,shape:mixed,106,0.9906,1.0,-0.0094,-0.0252,0.0,0,1,1.0,equivalent (±5pp),
opus,edn-table-primer,json-compact,primary,type:structure-awareness,36,0.9444,0.9444,0.0,0.0,0.0,0,0,1.0,equivalent (±5pp),
opus,edn-table-primer,json-compact,primary,type:aggregation,63,0.963,0.963,0.0,-0.0317,0.0317,0,1,1.0,equivalent (±5pp),
opus,edn-table-primer,json-compact,primary,shape:nested-config,29,1.0,1.0,0.0,0.0,0.0,0,0,1.0,equivalent (±5pp),
opus,edn-maps,toon,primary,overall,244,0.9754,0.9836,-0.0082,-0.0232,0.0041,0,2,0.5,equivalent (±5pp),1.0
opus,edn-maps,toon,primary,track:flat,109,0.945,0.9633,-0.0183,-0.052,0.0092,0,2,0.5,no detectable difference,
opus,edn-maps,toon,primary,shape:structural-validation,5,0.6,1.0,-0.4,-0.8,0.0,0,2,0.5,no detectable difference,
opus,edn-maps,toon,primary,type:structural-validation,5,0.6,1.0,-0.4,-0.8,0.0,0,2,0.5,no detectable difference,
opus,edn-maps,toon,primary,shape:uniform-tables,104,0.9615,0.9615,0.0,-0.016,0.016,0,0,1.0,equivalent (±5pp),
opus,edn-maps,toon,primary,overall-excl-structural,239,0.9833,0.9833,0.0,-0.007,0.007,0,0,1.0,equivalent (±5pp),
opus,edn-maps,toon,primary,type:filtering,48,0.9931,0.9931,0.0,-0.0208,0.0208,0,0,1.0,equivalent (±5pp),
opus,edn-maps,toon,primary,type:field-retrieval,92,1.0,1.0,0.0,0.0,0.0,0,0,1.0,equivalent (±5pp),
opus,edn-maps,toon,primary,track:mixed,135,1.0,1.0,0.0,0.0,0.0,0,0,1.0,equivalent (±5pp),
opus,edn-maps,toon,primary,shape:mixed,106,1.0,1.0,0.0,0.0,0.0,0,0,1.0,equivalent (±5pp),
opus,edn-maps,toon,primary,type:structure-awareness,36,0.9444,0.9444,0.0,0.0,0.0,0,0,1.0,equivalent (±5pp),
opus,edn-maps,toon,primary,type:aggregation,63,0.9735,0.9735,0.0,-0.0212,0.0212,0,0,1.0,equivalent (±5pp),
opus,edn-maps,toon,primary,shape:nested-config,29,1.0,1.0,0.0,0.0,0.0,0,0,1.0,equivalent (±5pp),
opus,toon,json-compact,extra,overall,244,0.9836,0.974,0.0096,-0.0,0.0232,2,0,0.5,equivalent (±5pp),
opus,toon,json-compact,extra,track:flat,109,0.9633,0.9419,0.0214,-0.0031,0.052,2,0,0.5,no detectable difference,
opus,toon,json-compact,extra,shape:structural-validation,5,1.0,0.6,0.4,0.0,0.8,2,0,0.5,no detectable difference,
opus,toon,json-compact,extra,type:structural-validation,5,1.0,0.6,0.4,0.0,0.8,2,0,0.5,no detectable difference,
opus,toon,json-compact,extra,shape:uniform-tables,104,0.9615,0.9583,0.0032,-0.0064,0.0129,0,0,1.0,equivalent (±5pp),
opus,toon,json-compact,extra,overall-excl-structural,239,0.9833,0.9819,0.0014,-0.0028,0.0056,0,0,1.0,equivalent (±5pp),
opus,toon,json-compact,extra,type:filtering,48,0.9931,1.0,-0.0069,-0.0208,0.0,0,0,1.0,equivalent (±5pp),
opus,toon,json-compact,extra,type:field-retrieval,92,1.0,1.0,0.0,0.0,0.0,0,0,1.0,equivalent (±5pp),
opus,toon,json-compact,extra,track:mixed,135,1.0,1.0,0.0,0.0,0.0,0,0,1.0,equivalent (±5pp),
opus,toon,json-compact,extra,shape:mixed,106,1.0,1.0,0.0,0.0,0.0,0,0,1.0,equivalent (±5pp),
opus,toon,json-compact,extra,type:structure-awareness,36,0.9444,0.9444,0.0,0.0,0.0,0,0,1.0,equivalent (±5pp),
opus,toon,json-compact,extra,type:aggregation,63,0.9735,0.963,0.0106,0.0,0.0265,0,0,1.0,equivalent (±5pp),
opus,toon,json-compact,extra,shape:nested-config,29,1.0,1.0,0.0,0.0,0.0,0,0,1.0,equivalent (±5pp),
opus,edn-table,json-compact,extra,overall,244,0.9699,0.974,-0.0041,-0.0109,0.0027,0,0,1.0,equivalent (±5pp),
opus,edn-table,json-compact,extra,track:flat,109,0.9358,0.9419,-0.0061,-0.0214,0.0092,0,0,1.0,equivalent (±5pp),
opus,edn-table,json-compact,extra,shape:structural-validation,5,0.6,0.6,0.0,0.0,0.0,0,0,1.0,equivalent (±5pp),
opus,edn-table,json-compact,extra,type:structural-validation,5,0.6,0.6,0.0,0.0,0.0,0,0,1.0,equivalent (±5pp),
opus,edn-table,json-compact,extra,shape:uniform-tables,104,0.9519,0.9583,-0.0064,-0.0224,0.0096,0,0,1.0,equivalent (±5pp),
opus,edn-table,json-compact,extra,overall-excl-structural,239,0.9777,0.9819,-0.0042,-0.0112,0.0028,0,0,1.0,equivalent (±5pp),
opus,edn-table,json-compact,extra,type:filtering,48,0.9792,1.0,-0.0208,-0.0486,0.0,0,0,1.0,equivalent (±5pp),
opus,edn-table,json-compact,extra,type:field-retrieval,92,1.0,1.0,0.0,0.0,0.0,0,0,1.0,equivalent (±5pp),
opus,edn-table,json-compact,extra,track:mixed,135,0.9975,1.0,-0.0025,-0.0074,0.0,0,0,1.0,equivalent (±5pp),
opus,edn-table,json-compact,extra,shape:mixed,106,0.9969,1.0,-0.0031,-0.0094,0.0,0,0,1.0,equivalent (±5pp),
opus,edn-table,json-compact,extra,type:structure-awareness,36,0.9444,0.9444,0.0,0.0,0.0,0,0,1.0,equivalent (±5pp),
opus,edn-table,json-compact,extra,type:aggregation,63,0.963,0.963,0.0,-0.0212,0.0212,0,0,1.0,equivalent (±5pp),
opus,edn-table,json-compact,extra,shape:nested-config,29,1.0,1.0,0.0,0.0,0.0,0,0,1.0,equivalent (±5pp),
opus,edn-table,edn-maps,extra,overall,244,0.9699,0.9754,-0.0055,-0.0137,0.0014,0,0,1.0,equivalent (±5pp),
opus,edn-table,edn-maps,extra,track:flat,109,0.9358,0.945,-0.0092,-0.0245,0.0061,0,0,1.0,equivalent (±5pp),
opus,edn-table,edn-maps,extra,shape:structural-validation,5,0.6,0.6,0.0,0.0,0.0,0,0,1.0,equivalent (±5pp),
opus,edn-table,edn-maps,extra,type:structural-validation,5,0.6,0.6,0.0,0.0,0.0,0,0,1.0,equivalent (±5pp),
opus,edn-table,edn-maps,extra,shape:uniform-tables,104,0.9519,0.9615,-0.0096,-0.0256,0.0064,0,0,1.0,equivalent (±5pp),
opus,edn-table,edn-maps,extra,overall-excl-structural,239,0.9777,0.9833,-0.0056,-0.0139,0.0014,0,0,1.0,equivalent (±5pp),
opus,edn-table,edn-maps,extra,type:filtering,48,0.9792,0.9931,-0.0139,-0.0417,0.0139,0,0,1.0,equivalent (±5pp),
opus,edn-table,edn-maps,extra,type:field-retrieval,92,1.0,1.0,0.0,0.0,0.0,0,0,1.0,equivalent (±5pp),
opus,edn-table,edn-maps,extra,track:mixed,135,0.9975,1.0,-0.0025,-0.0074,0.0,0,0,1.0,equivalent (±5pp),
opus,edn-table,edn-maps,extra,shape:mixed,106,0.9969,1.0,-0.0031,-0.0094,0.0,0,0,1.0,equivalent (±5pp),
opus,edn-table,edn-maps,extra,type:structure-awareness,36,0.9444,0.9444,0.0,0.0,0.0,0,0,1.0,equivalent (±5pp),
opus,edn-table,edn-maps,extra,type:aggregation,63,0.963,0.9735,-0.0106,-0.0317,0.0106,0,0,1.0,equivalent (±5pp),
opus,edn-table,edn-maps,extra,shape:nested-config,29,1.0,1.0,0.0,0.0,0.0,0,0,1.0,equivalent (±5pp),
opus,csv,toon,extra,overall,109,0.945,0.9633,-0.0183,-0.0459,0.0061,0,2,0.5,equivalent (±5pp),
opus,csv,toon,extra,track:flat,109,0.945,0.9633,-0.0183,-0.0459,0.0061,0,2,0.5,equivalent (±5pp),
opus,csv,toon,extra,shape:structural-validation,5,0.8,1.0,-0.2,-0.6,0.0,0,1,1.0,no detectable difference,
opus,csv,toon,extra,type:structural-validation,5,0.8,1.0,-0.2,-0.6,0.0,0,1,1.0,no detectable difference,
opus,csv,toon,extra,shape:uniform-tables,104,0.9519,0.9615,-0.0096,-0.0321,0.0096,0,1,1.0,equivalent (±5pp),
opus,csv,toon,extra,overall-excl-structural,104,0.9519,0.9615,-0.0096,-0.0321,0.0096,0,1,1.0,equivalent (±5pp),
opus,csv,toon,extra,type:filtering,27,0.9753,0.9877,-0.0123,-0.0617,0.0247,0,0,1.0,no detectable difference,
opus,csv,toon,extra,type:field-retrieval,32,1.0,1.0,0.0,0.0,0.0,0,0,1.0,equivalent (±5pp),
opus,csv,toon,extra,type:structure-awareness,16,0.875,0.875,0.0,0.0,0.0,0,0,1.0,equivalent (±5pp),
opus,csv,toon,extra,type:aggregation,29,0.9195,0.9425,-0.023,-0.092,0.0345,0,1,1.0,no detectable difference,
opus,csv,edn-table,extra,overall,109,0.945,0.9358,0.0092,-0.0245,0.0428,2,2,1.0,equivalent (±5pp),
opus,csv,edn-table,extra,track:flat,109,0.945,0.9358,0.0092,-0.0245,0.0428,2,2,1.0,equivalent (±5pp),
opus,csv,edn-table,extra,shape:structural-validation,5,0.8,0.6,0.2,-0.4,0.8,2,1,1.0,no detectable difference,
opus,csv,edn-table,extra,type:structural-validation,5,0.8,0.6,0.2,-0.4,0.8,2,1,1.0,no detectable difference,
opus,csv,edn-table,extra,shape:uniform-tables,104,0.9519,0.9519,0.0,-0.016,0.0128,0,1,1.0,equivalent (±5pp),
opus,csv,edn-table,extra,overall-excl-structural,104,0.9519,0.9519,0.0,-0.016,0.0128,0,1,1.0,equivalent (±5pp),
opus,csv,edn-table,extra,type:filtering,27,0.9753,0.963,0.0123,0.0,0.037,0,0,1.0,equivalent (±5pp),
opus,csv,edn-table,extra,type:field-retrieval,32,1.0,1.0,0.0,0.0,0.0,0,0,1.0,equivalent (±5pp),
opus,csv,edn-table,extra,type:structure-awareness,16,0.875,0.875,0.0,0.0,0.0,0,0,1.0,equivalent (±5pp),
opus,csv,edn-table,extra,type:aggregation,29,0.9195,0.931,-0.0115,-0.069,0.0345,0,1,1.0,no detectable difference,
opus,csv,json-compact,extra,overall,109,0.945,0.9419,0.0031,-0.0336,0.0428,2,2,1.0,equivalent (±5pp),
opus,csv,json-compact,extra,track:flat,109,0.945,0.9419,0.0031,-0.0336,0.0398,2,2,1.0,equivalent (±5pp),
opus,csv,json-compact,extra,shape:structural-validation,5,0.8,0.6,0.2,-0.4,0.8,2,1,1.0,no detectable difference,
opus,csv,json-compact,extra,type:structural-validation,5,0.8,0.6,0.2,-0.4,0.8,2,1,1.0,no detectable difference,
opus,csv,json-compact,extra,shape:uniform-tables,104,0.9519,0.9583,-0.0064,-0.0288,0.0128,0,1,1.0,equivalent (±5pp),
opus,csv,json-compact,extra,overall-excl-structural,104,0.9519,0.9583,-0.0064,-0.0256,0.0128,0,1,1.0,equivalent (±5pp),
opus,csv,json-compact,extra,type:filtering,27,0.9753,1.0,-0.0247,-0.0617,0.0,0,0,1.0,no detectable difference,
opus,csv,json-compact,extra,type:field-retrieval,32,1.0,1.0,0.0,0.0,0.0,0,0,1.0,equivalent (±5pp),
opus,csv,json-compact,extra,type:structure-awareness,16,0.875,0.875,0.0,0.0,0.0,0,0,1.0,equivalent (±5pp),
opus,csv,json-compact,extra,type:aggregation,29,0.9195,0.9195,0.0,-0.069,0.0575,0,1,1.0,no detectable difference,
pooled,edn-maps,json-compact,primary,overall,244,0.7436,0.7427,0.0009,-0.0105,0.0114,8,6,0.79053,equivalent (±5pp),1.0
pooled,edn-maps,json-compact,primary,track:flat,109,0.6371,0.634,0.0031,-0.0183,0.0224,5,3,0.72656,equivalent (±5pp),
pooled,edn-maps,json-compact,primary,shape:structural-validation,5,0.4667,0.6,-0.1333,-0.4,0.0,0,1,1.0,no detectable difference,
pooled,edn-maps,json-compact,primary,type:structural-validation,5,0.4667,0.6,-0.1333,-0.4,0.0,0,1,1.0,no detectable difference,
pooled,edn-maps,json-compact,primary,shape:uniform-tables,104,0.6453,0.6357,0.0096,-0.0075,0.0267,5,2,0.45312,equivalent (±5pp),
pooled,edn-maps,json-compact,primary,overall-excl-structural,239,0.7494,0.7457,0.0037,-0.006,0.013,8,5,0.58105,equivalent (±5pp),
pooled,edn-maps,json-compact,primary,type:filtering,48,0.4769,0.4583,0.0185,-0.0069,0.044,7,3,0.34375,equivalent (±5pp),
pooled,edn-maps,json-compact,primary,type:field-retrieval,92,0.9988,0.9976,0.0012,-0.0036,0.0072,0,0,1.0,equivalent (±5pp),
pooled,edn-maps,json-compact,primary,track:mixed,135,0.8296,0.8305,-0.0008,-0.0115,0.0099,3,3,1.0,equivalent (±5pp),
pooled,edn-maps,json-compact,primary,shape:mixed,106,0.7893,0.7945,-0.0052,-0.0189,0.0073,3,3,1.0,equivalent (±5pp),
pooled,edn-maps,json-compact,primary,type:structure-awareness,36,0.8488,0.8549,-0.0062,-0.0432,0.0278,0,1,1.0,equivalent (±5pp),
pooled,edn-maps,json-compact,primary,type:aggregation,63,0.5362,0.5344,0.0018,-0.0194,0.0229,1,1,1.0,equivalent (±5pp),
pooled,edn-maps,json-compact,primary,shape:nested-config,29,0.977,0.9617,0.0153,0.0038,0.0307,0,0,1.0,A better (within ±5pp),
pooled,edn-table,toon,primary,overall,244,0.7459,0.7678,-0.0219,-0.0405,-0.0055,5,16,0.0266,B better (within ±5pp),0.5852
pooled,edn-table,toon,primary,track:flat,109,0.6381,0.6697,-0.0316,-0.0652,-0.0041,3,9,0.146,B better,
pooled,edn-table,toon,primary,shape:structural-validation,5,0.6,1.0,-0.4,-0.8,0.0,0,2,0.5,no detectable difference,
pooled,edn-table,toon,primary,type:structural-validation,5,0.6,1.0,-0.4,-0.8,0.0,0,2,0.5,no detectable difference,
pooled,edn-table,toon,primary,shape:uniform-tables,104,0.64,0.6538,-0.0139,-0.0321,0.0043,3,7,0.34375,equivalent (±5pp),
pooled,edn-table,toon,primary,overall-excl-structural,239,0.749,0.7629,-0.0139,-0.0279,-0.0009,5,14,0.06357,B better (within ±5pp),
pooled,edn-table,toon,primary,type:filtering,48,0.463,0.4606,0.0023,-0.0301,0.0347,3,5,0.72656,equivalent (±5pp),
pooled,edn-table,toon,primary,type:field-retrieval,92,0.994,0.9915,0.0024,-0.0036,0.0097,0,0,1.0,equivalent (±5pp),
pooled,edn-table,toon,primary,track:mixed,135,0.8329,0.8469,-0.014,-0.0346,0.0041,2,7,0.17969,equivalent (±5pp),
pooled,edn-table,toon,primary,shape:mixed,106,0.7935,0.8134,-0.0199,-0.0461,0.0021,2,7,0.17969,equivalent (±5pp),
pooled,edn-table,toon,primary,type:structure-awareness,36,0.8673,0.9259,-0.0586,-0.1142,-0.0154,0,2,0.5,B better,
pooled,edn-table,toon,primary,type:aggregation,63,0.5414,0.5661,-0.0247,-0.06,0.0071,2,7,0.17969,no detectable difference,
pooled,edn-table,toon,primary,shape:nested-config,29,0.977,0.9693,0.0077,-0.0077,0.0268,0,0,1.0,equivalent (±5pp),
pooled,edn-table-primer,edn-table,primary,overall,244,0.7454,0.7459,-0.0005,-0.0087,0.0077,7,6,1.0,equivalent (±5pp),1.0
pooled,edn-table-primer,edn-table,primary,track:flat,109,0.6412,0.6381,0.0031,-0.0092,0.0153,3,3,1.0,equivalent (±5pp),
pooled,edn-table-primer,edn-table,primary,shape:structural-validation,5,0.6,0.6,0.0,0.0,0.0,0,0,1.0,equivalent (±5pp),
pooled,edn-table-primer,edn-table,primary,type:structural-validation,5,0.6,0.6,0.0,0.0,0.0,0,0,1.0,equivalent (±5pp),
pooled,edn-table-primer,edn-table,primary,shape:uniform-tables,104,0.6432,0.64,0.0032,-0.0096,0.0171,3,3,1.0,equivalent (±5pp),
pooled,edn-table-primer,edn-table,primary,overall-excl-structural,239,0.7485,0.749,-0.0005,-0.0088,0.0079,7,6,1.0,equivalent (±5pp),
pooled,edn-table-primer,edn-table,primary,type:filtering,48,0.456,0.463,-0.0069,-0.0347,0.0185,4,3,1.0,equivalent (±5pp),
pooled,edn-table-primer,edn-table,primary,type:field-retrieval,92,0.9928,0.994,-0.0012,-0.0036,0.0,0,0,1.0,equivalent (±5pp),
pooled,edn-table-primer,edn-table,primary,track:mixed,135,0.8296,0.8329,-0.0033,-0.014,0.0074,4,3,1.0,equivalent (±5pp),
pooled,edn-table-primer,edn-table,primary,shape:mixed,106,0.7925,0.7935,-0.001,-0.0136,0.0105,4,2,0.6875,equivalent (±5pp),
pooled,edn-table-primer,edn-table,primary,type:structure-awareness,36,0.8858,0.8673,0.0185,-0.0062,0.0494,1,0,1.0,equivalent (±5pp),
pooled,edn-table-primer,edn-table,primary,type:aggregation,63,0.5362,0.5414,-0.0053,-0.0229,0.0106,2,3,1.0,equivalent (±5pp),
pooled,edn-table-primer,edn-table,primary,shape:nested-config,29,0.9655,0.977,-0.0115,-0.0383,0.0077,0,1,1.0,equivalent (±5pp),
pooled,edn-table-primer,toon,primary,overall,244,0.7454,0.7678,-0.0223,-0.0405,-0.0064,6,16,0.05248,B better (within ±5pp),1.0
pooled,edn-table-primer,toon,primary,track:flat,109,0.6412,0.6697,-0.0285,-0.0632,-0.001,4,10,0.17957,B better,
pooled,edn-table-primer,toon,primary,shape:structural-validation,5,0.6,1.0,-0.4,-0.8,0.0,0,2,0.5,no detectable difference,
pooled,edn-table-primer,toon,primary,type:structural-validation,5,0.6,1.0,-0.4,-0.8,0.0,0,2,0.5,no detectable difference,
pooled,edn-table-primer,toon,primary,shape:uniform-tables,104,0.6432,0.6538,-0.0107,-0.031,0.0085,4,8,0.3877,equivalent (±5pp),
pooled,edn-table-primer,toon,primary,overall-excl-structural,239,0.7485,0.7629,-0.0144,-0.0284,-0.0019,6,14,0.11532,B better (within ±5pp),
pooled,edn-table-primer,toon,primary,type:filtering,48,0.456,0.4606,-0.0046,-0.037,0.0255,5,6,1.0,equivalent (±5pp),
pooled,edn-table-primer,toon,primary,type:field-retrieval,92,0.9928,0.9915,0.0012,-0.0048,0.0085,0,0,1.0,equivalent (±5pp),
pooled,edn-table-primer,toon,primary,track:mixed,135,0.8296,0.8469,-0.0173,-0.0362,-0.0008,2,6,0.28906,B better (within ±5pp),
pooled,edn-table-primer,toon,primary,shape:mixed,106,0.7925,0.8134,-0.021,-0.0451,-0.0,2,5,0.45312,B better (within ±5pp),
pooled,edn-table-primer,toon,primary,type:structure-awareness,36,0.8858,0.9259,-0.0401,-0.0895,-0.0031,0,1,1.0,B better,
pooled,edn-table-primer,toon,primary,type:aggregation,63,0.5362,0.5661,-0.03,-0.067,0.0018,1,7,0.07031,no detectable difference,
pooled,edn-table-primer,toon,primary,shape:nested-config,29,0.9655,0.9693,-0.0038,-0.0307,0.0192,0,1,1.0,equivalent (±5pp),
pooled,edn-table-primer,json-compact,primary,overall,244,0.7454,0.7427,0.0027,-0.0077,0.0137,8,6,0.79053,equivalent (±5pp),1.0
pooled,edn-table-primer,json-compact,primary,track:flat,109,0.6412,0.634,0.0071,-0.0133,0.0275,3,2,1.0,equivalent (±5pp),
pooled,edn-table-primer,json-compact,primary,shape:structural-validation,5,0.6,0.6,0.0,0.0,0.0,0,0,1.0,equivalent (±5pp),
pooled,edn-table-primer,json-compact,primary,type:structural-validation,5,0.6,0.6,0.0,0.0,0.0,0,0,1.0,equivalent (±5pp),
pooled,edn-table-primer,json-compact,primary,shape:uniform-tables,104,0.6432,0.6357,0.0075,-0.0139,0.0288,3,2,1.0,equivalent (±5pp),
pooled,edn-table-primer,json-compact,primary,overall-excl-structural,239,0.7485,0.7457,0.0028,-0.0074,0.0135,8,6,0.79053,equivalent (±5pp),
pooled,edn-table-primer,json-compact,primary,type:filtering,48,0.456,0.4583,-0.0023,-0.0301,0.0255,6,4,0.75391,equivalent (±5pp),
pooled,edn-table-primer,json-compact,primary,type:field-retrieval,92,0.9928,0.9976,-0.0048,-0.0109,0.0,0,0,1.0,equivalent (±5pp),
pooled,edn-table-primer,json-compact,primary,track:mixed,135,0.8296,0.8305,-0.0008,-0.0099,0.0082,5,4,1.0,equivalent (±5pp),
pooled,edn-table-primer,json-compact,primary,shape:mixed,106,0.7925,0.7945,-0.0021,-0.0136,0.0084,5,3,0.72656,equivalent (±5pp),
pooled,edn-table-primer,json-compact,primary,type:structure-awareness,36,0.8858,0.8549,0.0309,-0.0062,0.071,0,0,1.0,no detectable difference,
pooled,edn-table-primer,json-compact,primary,type:aggregation,63,0.5362,0.5344,0.0018,-0.0247,0.0247,2,2,1.0,equivalent (±5pp),
pooled,edn-table-primer,json-compact,primary,shape:nested-config,29,0.9655,0.9617,0.0038,-0.0077,0.0192,0,1,1.0,equivalent (±5pp),
pooled,edn-maps,toon,primary,overall,244,0.7436,0.7678,-0.0241,-0.0433,-0.0068,7,17,0.06391,B better (within ±5pp),1.0
pooled,edn-maps,toon,primary,track:flat,109,0.6371,0.6697,-0.0326,-0.0703,-0.0,5,10,0.30176,B better,
pooled,edn-maps,toon,primary,shape:structural-validation,5,0.4667,1.0,-0.5333,-0.9333,-0.1333,0,3,0.25,B better,
pooled,edn-maps,toon,primary,type:structural-validation,5,0.4667,1.0,-0.5333,-0.9333,-0.1333,0,3,0.25,B better,
pooled,edn-maps,toon,primary,shape:uniform-tables,104,0.6453,0.6538,-0.0085,-0.0321,0.0128,5,7,0.77441,equivalent (±5pp),
pooled,edn-maps,toon,primary,overall-excl-structural,239,0.7494,0.7629,-0.0135,-0.0279,-0.0005,7,14,0.18925,B better (within ±5pp),
pooled,edn-maps,toon,primary,type:filtering,48,0.4769,0.4606,0.0162,-0.0116,0.044,5,4,1.0,equivalent (±5pp),
pooled,edn-maps,toon,primary,type:field-retrieval,92,0.9988,0.9915,0.0072,0.0012,0.0157,0,0,1.0,A better (within ±5pp),
pooled,edn-maps,toon,primary,track:mixed,135,0.8296,0.8469,-0.0173,-0.0354,-0.0008,2,7,0.17969,B better (within ±5pp),
pooled,edn-maps,toon,primary,shape:mixed,106,0.7893,0.8134,-0.0241,-0.0482,-0.0042,2,7,0.17969,B better (within ±5pp),
pooled,edn-maps,toon,primary,type:structure-awareness,36,0.8488,0.9259,-0.0772,-0.1358,-0.0278,0,2,0.5,B better,
pooled,edn-maps,toon,primary,type:aggregation,63,0.5362,0.5661,-0.03,-0.0635,-0.0,2,8,0.10938,B better,
pooled,edn-maps,toon,primary,shape:nested-config,29,0.977,0.9693,0.0077,-0.0077,0.0268,0,0,1.0,equivalent (±5pp),
pooled,toon,json-compact,extra,overall,244,0.7678,0.7427,0.025,0.0091,0.0437,17,5,0.0169,A better (within ±5pp),
pooled,toon,json-compact,extra,track:flat,109,0.6697,0.634,0.0357,0.0082,0.0693,9,2,0.06543,A better,
pooled,toon,json-compact,extra,shape:structural-validation,5,1.0,0.6,0.4,0.0,0.8,2,0,0.5,no detectable difference,
pooled,toon,json-compact,extra,type:structural-validation,5,1.0,0.6,0.4,0.0,0.8,2,0,0.5,no detectable difference,
pooled,toon,json-compact,extra,shape:uniform-tables,104,0.6538,0.6357,0.0182,-0.0,0.0374,7,2,0.17969,equivalent (±5pp),
pooled,toon,json-compact,extra,overall-excl-structural,239,0.7629,0.7457,0.0172,0.0042,0.0311,15,5,0.04139,A better (within ±5pp),
pooled,toon,json-compact,extra,type:filtering,48,0.4606,0.4583,0.0023,-0.0324,0.037,7,4,0.54883,equivalent (±5pp),
pooled,toon,json-compact,extra,type:field-retrieval,92,0.9915,0.9976,-0.006,-0.0145,0.0012,0,0,1.0,equivalent (±5pp),
pooled,toon,json-compact,extra,track:mixed,135,0.8469,0.8305,0.0165,-0.0016,0.0362,8,3,0.22656,equivalent (±5pp),
pooled,toon,json-compact,extra,shape:mixed,106,0.8134,0.7945,0.0189,-0.0031,0.044,8,3,0.22656,equivalent (±5pp),
pooled,toon,json-compact,extra,type:structure-awareness,36,0.9259,0.8549,0.071,0.0216,0.1265,1,0,1.0,A better,
pooled,toon,json-compact,extra,type:aggregation,63,0.5661,0.5344,0.0317,0.0071,0.0617,7,1,0.07031,A better,
pooled,toon,json-compact,extra,shape:nested-config,29,0.9693,0.9617,0.0077,-0.0153,0.0307,0,0,1.0,equivalent (±5pp),
pooled,edn-table,json-compact,extra,overall,244,0.7459,0.7427,0.0032,-0.0077,0.0141,8,7,1.0,equivalent (±5pp),
pooled,edn-table,json-compact,extra,track:flat,109,0.6381,0.634,0.0041,-0.0153,0.0245,3,2,1.0,equivalent (±5pp),
pooled,edn-table,json-compact,extra,shape:structural-validation,5,0.6,0.6,0.0,0.0,0.0,0,0,1.0,equivalent (±5pp),
pooled,edn-table,json-compact,extra,type:structural-validation,5,0.6,0.6,0.0,0.0,0.0,0,0,1.0,equivalent (±5pp),
pooled,edn-table,json-compact,extra,shape:uniform-tables,104,0.64,0.6357,0.0043,-0.016,0.0246,3,2,1.0,equivalent (±5pp),
pooled,edn-table,json-compact,extra,overall-excl-structural,239,0.749,0.7457,0.0033,-0.0074,0.0144,8,7,1.0,equivalent (±5pp),
pooled,edn-table,json-compact,extra,type:filtering,48,0.463,0.4583,0.0046,-0.0231,0.0347,6,5,1.0,equivalent (±5pp),
pooled,edn-table,json-compact,extra,type:field-retrieval,92,0.994,0.9976,-0.0036,-0.0097,0.0,0,0,1.0,equivalent (±5pp),
pooled,edn-table,json-compact,extra,track:mixed,135,0.8329,0.8305,0.0025,-0.0091,0.014,5,5,1.0,equivalent (±5pp),
pooled,edn-table,json-compact,extra,shape:mixed,106,0.7935,0.7945,-0.001,-0.0147,0.0126,5,5,1.0,equivalent (±5pp),
pooled,edn-table,json-compact,extra,type:structure-awareness,36,0.8673,0.8549,0.0123,-0.037,0.0617,0,1,1.0,no detectable difference,
pooled,edn-table,json-compact,extra,type:aggregation,63,0.5414,0.5344,0.0071,-0.0141,0.0282,2,1,1.0,equivalent (±5pp),
pooled,edn-table,json-compact,extra,shape:nested-config,29,0.977,0.9617,0.0153,-0.0038,0.0383,0,0,1.0,equivalent (±5pp),
pooled,edn-table,edn-maps,extra,overall,244,0.7459,0.7436,0.0023,-0.0096,0.015,6,7,1.0,equivalent (±5pp),
pooled,edn-table,edn-maps,extra,track:flat,109,0.6381,0.6371,0.001,-0.0214,0.0245,4,5,1.0,equivalent (±5pp),
pooled,edn-table,edn-maps,extra,shape:structural-validation,5,0.6,0.4667,0.1333,0.0,0.4,1,0,1.0,no detectable difference,
pooled,edn-table,edn-maps,extra,type:structural-validation,5,0.6,0.4667,0.1333,0.0,0.4,1,0,1.0,no detectable difference,
pooled,edn-table,edn-maps,extra,shape:uniform-tables,104,0.64,0.6453,-0.0053,-0.0246,0.015,3,5,0.72656,equivalent (±5pp),
pooled,edn-table,edn-maps,extra,overall-excl-structural,239,0.749,0.7494,-0.0005,-0.0116,0.0107,5,7,0.77441,equivalent (±5pp),
pooled,edn-table,edn-maps,extra,type:filtering,48,0.463,0.4769,-0.0139,-0.0417,0.0139,2,5,0.45312,equivalent (±5pp),
pooled,edn-table,edn-maps,extra,type:field-retrieval,92,0.994,0.9988,-0.0048,-0.0133,0.0012,0,0,1.0,equivalent (±5pp),
pooled,edn-table,edn-maps,extra,track:mixed,135,0.8329,0.8296,0.0033,-0.0083,0.0148,2,2,1.0,equivalent (±5pp),
pooled,edn-table,edn-maps,extra,shape:mixed,106,0.7935,0.7893,0.0042,-0.0105,0.0178,2,2,1.0,equivalent (±5pp),
pooled,edn-table,edn-maps,extra,type:structure-awareness,36,0.8673,0.8488,0.0185,-0.0309,0.071,1,1,1.0,no detectable difference,
pooled,edn-table,edn-maps,extra,type:aggregation,63,0.5414,0.5362,0.0053,-0.0123,0.0229,2,1,1.0,equivalent (±5pp),
pooled,edn-table,edn-maps,extra,shape:nested-config,29,0.977,0.977,-0.0,-0.0153,0.0192,0,0,1.0,equivalent (±5pp),
pooled,csv,toon,extra,overall,109,0.6544,0.6697,-0.0153,-0.0428,0.0092,2,8,0.10938,equivalent (±5pp),
pooled,csv,toon,extra,track:flat,109,0.6544,0.6697,-0.0153,-0.0438,0.0082,2,8,0.10938,equivalent (±5pp),
pooled,csv,toon,extra,shape:structural-validation,5,0.8,1.0,-0.2,-0.6,0.0,0,1,1.0,no detectable difference,
pooled,csv,toon,extra,type:structural-validation,5,0.8,1.0,-0.2,-0.6,0.0,0,1,1.0,no detectable difference,
pooled,csv,toon,extra,shape:uniform-tables,104,0.6474,0.6538,-0.0064,-0.0256,0.0128,2,7,0.17969,equivalent (±5pp),
pooled,csv,toon,extra,overall-excl-structural,104,0.6474,0.6538,-0.0064,-0.0256,0.0139,2,7,0.17969,equivalent (±5pp),
pooled,csv,toon,extra,type:filtering,27,0.3868,0.3827,0.0041,-0.0453,0.0576,2,4,0.6875,no detectable difference,
pooled,csv,toon,extra,type:field-retrieval,32,0.9965,0.9826,0.0139,-0.0035,0.0382,0,0,1.0,equivalent (±5pp),
pooled,csv,toon,extra,type:structure-awareness,16,0.8542,0.8542,0.0,-0.0208,0.0208,0,0,1.0,equivalent (±5pp),
pooled,csv,toon,extra,type:aggregation,29,0.3908,0.433,-0.0421,-0.0881,-0.0038,0,3,0.25,B better,
pooled,csv,edn-table,extra,overall,109,0.6544,0.6381,0.0163,-0.0183,0.053,4,4,1.0,no detectable difference,
pooled,csv,edn-table,extra,track:flat,109,0.6544,0.6381,0.0163,-0.0173,0.052,4,4,1.0,no detectable difference,
pooled,csv,edn-table,extra,shape:structural-validation,5,0.8,0.6,0.2,-0.4,0.8,2,1,1.0,no detectable difference,
pooled,csv,edn-table,extra,type:structural-validation,5,0.8,0.6,0.2,-0.4,0.8,2,1,1.0,no detectable difference,
pooled,csv,edn-table,extra,shape:uniform-tables,104,0.6474,0.64,0.0075,-0.0096,0.0246,2,3,1.0,equivalent (±5pp),
pooled,csv,edn-table,extra,overall-excl-structural,104,0.6474,0.64,0.0075,-0.0096,0.0246,2,3,1.0,equivalent (±5pp),
pooled,csv,edn-table,extra,type:filtering,27,0.3868,0.3663,0.0206,-0.0247,0.0658,2,2,1.0,no detectable difference,
pooled,csv,edn-table,extra,type:field-retrieval,32,0.9965,0.9896,0.0069,-0.0069,0.0278,0,0,1.0,equivalent (±5pp),
pooled,csv,edn-table,extra,type:structure-awareness,16,0.8542,0.8264,0.0278,-0.0069,0.0764,0,0,1.0,no detectable difference,
pooled,csv,edn-table,extra,type:aggregation,29,0.3908,0.4061,-0.0153,-0.0536,0.0115,0,1,1.0,no detectable difference,
pooled,csv,json-compact,extra,overall,109,0.6544,0.634,0.0204,-0.0143,0.0571,3,2,1.0,no detectable difference,
pooled,csv,json-compact,extra,track:flat,109,0.6544,0.634,0.0204,-0.0143,0.0581,3,2,1.0,no detectable difference,
pooled,csv,json-compact,extra,shape:structural-validation,5,0.8,0.6,0.2,-0.4,0.8,2,1,1.0,no detectable difference,
pooled,csv,json-compact,extra,type:structural-validation,5,0.8,0.6,0.2,-0.4,0.8,2,1,1.0,no detectable difference,
pooled,csv,json-compact,extra,shape:uniform-tables,104,0.6474,0.6357,0.0118,-0.0075,0.031,1,1,1.0,equivalent (±5pp),
pooled,csv,json-compact,extra,overall-excl-structural,104,0.6474,0.6357,0.0118,-0.0075,0.031,1,1,1.0,equivalent (±5pp),
pooled,csv,json-compact,extra,type:filtering,27,0.3868,0.3745,0.0123,-0.0247,0.0494,1,1,1.0,equivalent (±5pp),
pooled,csv,json-compact,extra,type:field-retrieval,32,0.9965,1.0,-0.0035,-0.0104,0.0,0,0,1.0,equivalent (±5pp),
pooled,csv,json-compact,extra,type:structure-awareness,16,0.8542,0.7847,0.0694,0.0069,0.1389,0,0,1.0,A better,
pooled,csv,json-compact,extra,type:aggregation,29,0.3908,0.3946,-0.0038,-0.0498,0.0345,0,0,1.0,equivalent (±5pp),
