model,format,calls,mean_input_tokens,mean_output_tokens,mean_thinking_tokens,mean_cost_usd,total_cost_usd
haiku,csv,51,4443,721,0,0.00796,0.41
haiku,edn-maps,96,6209,1622,0,0.01476,1.42
haiku,edn-table,96,5278,684,0,0.00885,0.85
haiku,edn-table-primer,96,5405,344,0,0.00782,0.75
haiku,json-compact,96,5778,55,0,0.00583,0.56
haiku,toon,96,5076,84,0,0.00554,0.53
opus,csv,51,5495,1012,957,0.04223,2.15
opus,edn-maps,96,7713,822,756,0.04729,4.54
opus,edn-table,96,6559,768,702,0.0416,3.99
opus,edn-table-primer,96,6721,759,693,0.04206,4.04
opus,json-compact,96,7785,806,741,0.04727,4.54
opus,toon,96,6263,730,665,0.03965,3.81
sonnet,csv,51,5558,76,0,0.01376,0.7
sonnet,edn-maps,96,7776,136,0,0.02024,1.94
sonnet,edn-table,96,6622,167,0,0.01776,1.7
sonnet,edn-table-primer,96,6784,98,0,0.0175,1.68
sonnet,json-compact,96,7848,104,0,0.02017,1.94
sonnet,toon,96,6326,137,0,0.01678,1.61
