family,n,format,o200k,qwen3
employees,1,json-compact,45,46
employees,1,toon,43,45
employees,1,edn-maps,47,49
employees,1,edn-table,51,53
employees,2,json-compact,83,88
employees,2,toon,67,73
employees,2,edn-maps,88,94
employees,2,edn-table,77,83
employees,5,json-compact,200,221
employees,5,toon,142,163
employees,5,edn-maps,214,236
employees,5,edn-table,158,180
employees,10,json-compact,400,447
employees,10,toon,267,315
employees,10,edn-maps,429,477
employees,10,edn-table,298,346
employees,20,json-compact,796,906
employees,20,toon,517,626
employees,20,edn-maps,855,966
employees,20,edn-table,574,685
employees,50,json-compact,1981,2271
employees,50,toon,1265,1552
employees,50,edn-maps,2130,2421
employees,50,edn-table,1399,1690
employees,100,json-compact,3936,4529
employees,100,toon,2496,3077
employees,100,edn-maps,4235,4829
employees,100,edn-table,2754,3348
employees,200,json-compact,7843,9141
employees,200,toon,4935,6221
employees,200,edn-maps,8442,9741
employees,200,edn-table,5461,6760
employees,500,json-compact,19550,22967
employees,500,toon,12254,15646
employees,500,edn-maps,21049,24467
employees,500,edn-table,13568,16986
employees,1000,json-compact,39119,46088
employees,1000,toon,24560,31434
employees,1000,edn-maps,42118,49088
employees,1000,edn-table,27137,34107
employees,2000,json-compact,79057,93095
employees,2000,toon,49978,63797
employees,2000,edn-maps,85056,99095
employees,2000,edn-table,55075,69114
analytics,1,json-compact,44,56
analytics,1,toon,44,57
analytics,1,edn-maps,45,58
analytics,1,edn-table,49,62
analytics,2,json-compact,83,108
analytics,2,toon,69,95
analytics,2,edn-maps,86,112
analytics,2,edn-table,74,100
analytics,5,json-compact,200,262
analytics,5,toon,144,207
analytics,5,edn-maps,209,272
analytics,5,edn-table,149,212
analytics,10,json-compact,395,521
analytics,10,toon,269,397
analytics,10,edn-maps,414,541
analytics,10,edn-table,274,401
analytics,20,json-compact,782,1036
analytics,20,toon,516,772
analytics,20,edn-maps,821,1076
analytics,20,edn-table,521,776
analytics,50,json-compact,1950,2591
analytics,50,toon,1264,1907
analytics,50,edn-maps,2049,2691
analytics,50,edn-table,1269,1911
analytics,100,json-compact,3897,5178
analytics,100,toon,2511,3795
analytics,100,edn-maps,4096,5378
analytics,100,edn-table,2516,3798
analytics,200,json-compact,7786,10343
analytics,200,toon,5000,7560
analytics,200,edn-maps,8185,10743
analytics,200,edn-table,5005,7563
github,1,json-compact,117,151
github,1,toon,116,150
github,1,edn-maps,123,158
github,1,edn-table,127,162
github,2,json-compact,224,290
github,2,toon,195,263
github,2,edn-maps,237,304
github,2,edn-table,212,281
github,5,json-compact,556,721
github,5,toon,444,617
github,5,edn-maps,589,755
github,5,edn-table,477,651
github,10,json-compact,1135,1465
github,10,toon,885,1234
github,10,edn-maps,1203,1534
github,10,edn-table,946,1295
github,20,json-compact,2237,2909
github,20,toon,1718,2428
github,20,edn-maps,2375,3048
github,20,edn-table,1828,2539
github,50,json-compact,5774,7470
github,50,toon,4437,6233
github,50,edn-maps,6119,7816
github,50,edn-table,4702,6497
github,100,json-compact,11640,15004
github,100,toon,8937,12502
github,100,edn-maps,12332,15697
github,100,edn-table,9465,13028
orders,1,json-compact,173,202
orders,1,toon,168,200
orders,1,edn-maps,188,220
orders,1,edn-table,169,201
orders,2,json-compact,300,356
orders,2,toon,307,368
orders,2,edn-maps,325,386
orders,2,edn-table,303,364
orders,5,json-compact,690,829
orders,5,toon,729,882
orders,5,edn-maps,745,895
orders,5,edn-table,714,864
orders,10,json-compact,1312,1578
orders,10,toon,1412,1702
orders,10,edn-maps,1414,1701
orders,10,edn-table,1376,1663
orders,20,json-compact,2733,3286
orders,20,toon,2900,3492
orders,20,edn-maps,2949,3543
orders,20,edn-table,2833,3427
orders,50,json-compact,6894,8292
orders,50,toon,7280,8767
orders,50,edn-maps,7455,8954
orders,50,edn-table,7129,8628
orders,100,json-compact,13777,16574
orders,100,toon,14566,17529
orders,100,edn-maps,14883,17881
orders,100,edn-table,14255,17253
orders,200,json-compact,27763,33342
orders,200,toon,29269,35181
orders,200,edn-maps,29992,35972
orders,200,edn-table,28672,34652
orders,500,json-compact,68944,82736
orders,500,toon,72832,87511
orders,500,edn-maps,74441,89234
orders,500,edn-table,71301,86094
event-logs,1,json-compact,98,110
event-logs,1,toon,94,110
event-logs,1,edn-maps,101,115
event-logs,1,edn-table,101,115
event-logs,2,json-compact,181,207
event-logs,2,toon,153,186
event-logs,2,edn-maps,187,216
event-logs,2,edn-table,187,216
event-logs,5,json-compact,317,379
event-logs,5,toon,378,446
event-logs,5,edn-maps,331,399
event-logs,5,edn-table,331,399
event-logs,10,json-compact,629,757
event-logs,10,toon,753,893
event-logs,10,edn-maps,658,797
event-logs,10,edn-table,658,797
event-logs,20,json-compact,1268,1524
event-logs,20,toon,1518,1796
event-logs,20,edn-maps,1327,1604
event-logs,20,edn-table,1327,1604
event-logs,50,json-compact,3151,3789
event-logs,50,toon,3779,4469
event-logs,50,edn-maps,3300,3989
event-logs,50,edn-table,3300,3989
event-logs,100,json-compact,6600,7883
event-logs,100,toon,7887,9273
event-logs,100,edn-maps,6900,8284
event-logs,100,edn-table,6900,8284
event-logs,200,json-compact,12701,15247
event-logs,200,toon,15240,17989
event-logs,200,edn-maps,13301,16048
event-logs,200,edn-table,13301,16048
event-logs,500,json-compact,31746,38126
event-logs,500,toon,38097,44980
event-logs,500,edn-maps,33246,40127
event-logs,500,edn-table,33246,40127
event-logs,1000,json-compact,63865,76669
event-logs,1000,toon,76604,90411
event-logs,1000,edn-maps,66864,80669
event-logs,1000,edn-table,66864,80669
event-logs,2000,json-compact,128529,154156
event-logs,2000,toon,154084,181714
event-logs,2000,edn-maps,134528,162156
event-logs,2000,edn-table,134528,162156
