group,dataset,track,format,chars,o200k,qwen3
tokens,tabular,flat,json-pretty,420011,127061,141100
tokens,tabular,flat,json-compact,288003,79057,93095
tokens,tabular,flat,yaml,313999,100054,114122
tokens,tabular,flat,xml,474113,146605,160021
tokens,tabular,flat,toon,138060,49978,63797
tokens,tabular,flat,csv,127232,47153,60970
tokens,tabular,flat,edn-maps,274002,85056,99095
tokens,tabular,flat,edn-table,150080,55075,69114
tokens,tabular,flat,edn-table-oneline,150080,55075,69114
tokens,tabular,flat,edn-maps-lines,274002,85056,99095
tokens,nested,mixed,json-pretty,344016,108611,123404
tokens,nested,mixed,json-compact,200478,68944,82736
tokens,nested,mixed,yaml,239984,84701,98878
tokens,nested,mixed,xml,327096,122119,136016
tokens,nested,mixed,toon,188918,72832,87511
tokens,nested,mixed,edn-maps,189657,74441,89234
tokens,nested,mixed,edn-table,177917,71301,86094
tokens,nested,mixed,edn-table-oneline,177917,71301,86094
tokens,nested,mixed,edn-maps-lines,189657,74441,89234
tokens,analytics,flat,json-pretty,57953,22245,26916
tokens,analytics,flat,json-compact,36775,14211,18881
tokens,analytics,flat,yaml,41881,17858,22529
tokens,analytics,flat,xml,67422,26616,31287
tokens,analytics,flat,toon,13830,9115,13788
tokens,analytics,flat,csv,13095,8383,13054
tokens,analytics,flat,edn-maps,34584,14940,19611
tokens,analytics,flat,edn-table,14580,9120,13791
tokens,analytics,flat,edn-table-oneline,14580,9120,13791
tokens,analytics,flat,edn-maps-lines,34584,14940,19611
tokens,github,flat,json-pretty,44098,15337,18702
tokens,github,flat,json-compact,34290,11640,15004
tokens,github,flat,yaml,36414,13337,16713
tokens,github,flat,xml,48007,17294,20436
tokens,github,flat,toon,22572,8937,12502
tokens,github,flat,csv,21757,8711,12274
tokens,github,flat,edn-maps,33189,12332,15697
tokens,github,flat,edn-table,23305,9465,13028
tokens,github,flat,edn-table-oneline,23305,9465,13028
tokens,github,flat,edn-maps-lines,33189,12332,15697
tokens,event-logs,mixed,json-pretty,560595,181201,208829
tokens,event-logs,mixed,json-compact,404582,128529,154156
tokens,event-logs,mixed,yaml,459175,155397,183025
tokens,event-logs,mixed,xml,605688,205859,229487
tokens,event-logs,mixed,toon,441029,154084,181714
tokens,event-logs,mixed,edn-maps,389025,134528,162156
tokens,event-logs,mixed,edn-table,389025,134528,162156
tokens,event-logs,mixed,edn-table-oneline,389025,134528,162156
tokens,event-logs,mixed,edn-maps-lines,389025,134528,162156
tokens,nested-config,mixed,json-pretty,3161,905,960
tokens,nested-config,mixed,json-compact,1794,552,597
tokens,nested-config,mixed,yaml,2193,662,719
tokens,nested-config,mixed,xml,3224,997,1042
tokens,nested-config,mixed,toon,1751,589,643
tokens,nested-config,mixed,edn-maps,1714,586,639
tokens,nested-config,mixed,edn-table,1686,578,631
tokens,nested-config,mixed,edn-table-oneline,1686,578,631
tokens,nested-config,mixed,edn-maps-lines,1714,586,639
tokens,keyed,mixed,json-pretty,67104,23141,26033
tokens,keyed,mixed,json-compact,45596,15635,18028
tokens,keyed,mixed,yaml,49092,17905,20773
tokens,keyed,mixed,xml,80561,28655,31834
tokens,keyed,mixed,toon,23144,10503,13862
tokens,keyed,mixed,edn-maps,43095,15635,18527
tokens,keyed,mixed,edn-table,43095,15635,18527
tokens,keyed,mixed,edn-table-oneline,43095,15635,18527
tokens,keyed,mixed,edn-maps-lines,43095,15635,18527
tokens,nested-group,mixed,json-pretty,267027,79779,83046
tokens,nested-group,mixed,json-compact,163019,46791,49065
tokens,nested-group,mixed,yaml,182015,55475,58676
tokens,nested-group,mixed,xml,265107,90306,92929
tokens,nested-group,mixed,toon,79109,26726,29773
tokens,nested-group,mixed,edn-maps,154018,50799,54066
tokens,nested-group,mixed,edn-table,154018,50799,54066
tokens,nested-group,mixed,edn-table-oneline,154018,50799,54066
tokens,nested-group,mixed,edn-maps-lines,154018,50799,54066
accuracy,tabular,flat,json-compact,14259,3909,4499
accuracy,tabular,flat,toon,6815,2457,3039
accuracy,tabular,flat,csv,6276,2321,2901
accuracy,tabular,flat,edn-maps,13558,4208,4799
accuracy,tabular,flat,edn-table,7436,2727,3318
accuracy,nested,mixed,json-compact,19959,6865,8215
accuracy,nested,mixed,toon,18818,7264,8700
accuracy,nested,mixed,edn-maps,18878,7414,8865
accuracy,nested,mixed,edn-table,17718,7104,8555
accuracy,analytics,flat,json-compact,6052,2341,3103
accuracy,analytics,flat,toon,2321,1515,2279
accuracy,analytics,flat,csv,2197,1393,2156
accuracy,analytics,flat,edn-maps,5691,2460,3223
accuracy,analytics,flat,edn-table,2462,1520,2283
accuracy,github,flat,json-compact,34290,11640,15004
accuracy,github,flat,toon,22572,8937,12502
accuracy,github,flat,csv,21757,8711,12274
accuracy,github,flat,edn-maps,33189,12332,15697
accuracy,github,flat,edn-table,23305,9465,13028
accuracy,event-logs,mixed,json-compact,15002,4783,5746
accuracy,event-logs,mixed,toon,16349,5734,6774
accuracy,event-logs,mixed,edn-maps,14423,5007,6046
accuracy,event-logs,mixed,edn-table,14423,5007,6046
accuracy,nested-config,mixed,json-compact,1794,552,597
accuracy,nested-config,mixed,toon,1751,589,643
accuracy,nested-config,mixed,edn-maps,1714,586,639
accuracy,nested-config,mixed,edn-table,1686,578,631
accuracy,structural-validation-control,flat,json-compact,2797,762,874
accuracy,structural-validation-control,flat,toon,1352,486,594
accuracy,structural-validation-control,flat,csv,1242,458,565
accuracy,structural-validation-control,flat,edn-maps,2656,821,934
accuracy,structural-validation-control,flat,edn-table,1494,540,653
accuracy,structural-validation-truncated,flat,json-compact,2386,650,744
accuracy,structural-validation-truncated,flat,toon,1166,418,508
accuracy,structural-validation-truncated,flat,csv,1071,393,482
accuracy,structural-validation-truncated,flat,edn-maps,2266,700,795
accuracy,structural-validation-truncated,flat,edn-table,1290,464,559
accuracy,structural-validation-extra-rows,flat,json-compact,3226,883,1013
accuracy,structural-validation-extra-rows,flat,toon,1556,564,690
accuracy,structural-validation-extra-rows,flat,csv,1429,532,657
accuracy,structural-validation-extra-rows,flat,edn-maps,3064,951,1082
accuracy,structural-validation-extra-rows,flat,edn-table,1716,625,756
accuracy,structural-validation-width-mismatch,flat,json-compact,2781,757,865
accuracy,structural-validation-width-mismatch,flat,toon,1345,483,587
accuracy,structural-validation-width-mismatch,flat,csv,1235,455,558
accuracy,structural-validation-width-mismatch,flat,edn-maps,2641,816,925
accuracy,structural-validation-width-mismatch,flat,edn-table,1487,537,646
accuracy,structural-validation-missing-fields,flat,json-compact,2655,722,834
accuracy,structural-validation-missing-fields,flat,toon,1250,455,563
accuracy,structural-validation-missing-fields,flat,csv,1140,427,534
accuracy,structural-validation-missing-fields,flat,edn-maps,2518,777,890
accuracy,structural-validation-missing-fields,flat,edn-table,1384,504,617
accuracy,keyed,mixed,json-compact,3612,1254,1403
accuracy,keyed,mixed,toon,1847,851,1075
accuracy,keyed,mixed,edn-maps,3411,1254,1442
accuracy,keyed,mixed,edn-table,3411,1254,1442
accuracy,nested-group,mixed,json-compact,8176,2347,2459
accuracy,nested-group,mixed,toon,4030,1364,1517
accuracy,nested-group,mixed,edn-maps,7725,2547,2710
accuracy,nested-group,mixed,edn-table,7725,2547,2710
