audit_id,format,graded_correct,hand_verdict_correct,grader_ok,failure_class_ok,note
json-compact-0,json-compact,1,1,yes,yes,
json-compact-1,json-compact,1,1,yes,yes,
json-compact-2,json-compact,1,1,yes,yes,
json-compact-3,json-compact,1,1,yes,yes,
json-compact-4,json-compact,1,1,yes,yes,
json-compact-5,json-compact,1,1,yes,yes,
json-compact-6,json-compact,1,1,yes,yes,
json-compact-7,json-compact,0,0,yes,yes,
json-compact-8,json-compact,0,0,yes,yes,structural validation: JSON cannot expose truncation; wrong YES is correctly graded wrong (by upstream design)
json-compact-9,json-compact,0,0,yes,yes,
json-compact-10,json-compact,1,1,yes,yes,
json-compact-11,json-compact,1,1,yes,yes,
json-compact-12,json-compact,1,1,yes,yes,
json-compact-13,json-compact,1,1,yes,yes,
json-compact-14,json-compact,0,0,yes,yes,
json-compact-15,json-compact,1,1,yes,yes,
json-compact-16,json-compact,1,1,yes,yes,
json-compact-17,json-compact,1,1,yes,yes,
json-compact-18,json-compact,0,0,yes,yes,
json-compact-19,json-compact,1,1,yes,yes,
json-compact-20,json-compact,0,0,yes,yes,
json-compact-21,json-compact,0,0,yes,yes,
json-compact-22,json-compact,0,0,yes,yes,
json-compact-23,json-compact,1,1,yes,yes,
json-compact-24,json-compact,0,0,yes,yes,
json-compact-25,json-compact,1,1,yes,yes,
json-compact-26,json-compact,1,1,yes,yes,
json-compact-27,json-compact,0,0,yes,yes,
json-compact-28,json-compact,1,1,yes,yes,
json-compact-29,json-compact,1,1,yes,yes,
toon-30,toon,1,1,yes,yes,
toon-31,toon,1,1,yes,yes,
toon-32,toon,1,1,yes,yes,
toon-33,toon,1,1,yes,yes,
toon-34,toon,1,1,yes,yes,
toon-35,toon,1,1,yes,yes,
toon-36,toon,1,1,yes,yes,"integer check truncates 102543.19 -> 102543; the exact mean rounds to the same value, so verdict is right"
toon-37,toon,1,1,yes,yes,
toon-38,toon,1,1,yes,yes,
toon-39,toon,1,1,yes,yes,
toon-40,toon,1,1,yes,yes,
toon-41,toon,1,1,yes,yes,
toon-42,toon,0,0,yes,yes,
toon-43,toon,1,1,yes,yes,
toon-44,toon,1,1,yes,yes,
toon-45,toon,1,1,yes,yes,
toon-46,toon,1,1,yes,yes,
toon-47,toon,1,1,yes,yes,
toon-48,toon,1,1,yes,yes,
toon-49,toon,1,1,yes,yes,
toon-50,toon,1,1,yes,yes,
toon-51,toon,0,0,yes,yes,
toon-52,toon,0,0,yes,yes,
toon-53,toon,0,0,yes,yes,
toon-54,toon,1,1,yes,yes,
toon-55,toon,1,1,yes,yes,
toon-56,toon,0,0,yes,yes,
toon-57,toon,1,1,yes,yes,
toon-58,toon,1,1,yes,yes,
toon-59,toon,1,1,yes,yes,
edn-maps-60,edn-maps,0,0,yes,yes,
edn-maps-61,edn-maps,1,1,yes,yes,
edn-maps-62,edn-maps,1,1,yes,yes,
edn-maps-63,edn-maps,1,1,yes,yes,
edn-maps-64,edn-maps,0,0,yes,yes,
edn-maps-65,edn-maps,0,0,yes,yes,
edn-maps-66,edn-maps,1,1,yes,yes,
edn-maps-67,edn-maps,1,1,yes,yes,
edn-maps-68,edn-maps,1,1,yes,yes,
edn-maps-69,edn-maps,1,1,yes,yes,
edn-maps-70,edn-maps,1,1,yes,yes,"boolean: ""true"" accepted for expected ""yes"" (correct)"
edn-maps-71,edn-maps,1,1,yes,yes,
edn-maps-72,edn-maps,1,1,yes,yes,
edn-maps-73,edn-maps,1,1,yes,yes,
edn-maps-74,edn-maps,1,1,yes,yes,
edn-maps-75,edn-maps,0,0,yes,yes,
edn-maps-76,edn-maps,1,1,yes,yes,
edn-maps-77,edn-maps,1,1,yes,yes,
edn-maps-78,edn-maps,0,0,yes,yes,
edn-maps-79,edn-maps,1,1,yes,yes,
edn-maps-80,edn-maps,1,1,yes,yes,
edn-maps-81,edn-maps,1,1,yes,yes,
edn-maps-82,edn-maps,0,0,yes,yes,
edn-maps-83,edn-maps,0,0,yes,yes,
edn-maps-84,edn-maps,1,1,yes,yes,
edn-maps-85,edn-maps,1,1,yes,yes,
edn-maps-86,edn-maps,0,0,yes,yes,
edn-maps-87,edn-maps,1,1,yes,yes,
edn-maps-88,edn-maps,1,1,yes,yes,
edn-maps-89,edn-maps,1,1,yes,yes,
edn-table-90,edn-table,1,1,yes,yes,
edn-table-91,edn-table,1,1,yes,yes,
edn-table-92,edn-table,1,1,yes,yes,
edn-table-93,edn-table,1,1,yes,yes,
edn-table-94,edn-table,1,1,yes,yes,
edn-table-95,edn-table,0,0,yes,yes,
edn-table-96,edn-table,0,0,yes,yes,
edn-table-97,edn-table,1,1,yes,yes,
edn-table-98,edn-table,0,0,yes,yes,
edn-table-99,edn-table,1,1,yes,yes,
edn-table-100,edn-table,1,1,yes,yes,
edn-table-101,edn-table,1,1,yes,yes,
edn-table-102,edn-table,0,0,yes,yes,
edn-table-103,edn-table,1,1,yes,yes,
edn-table-104,edn-table,1,1,yes,yes,
edn-table-105,edn-table,0,0,yes,yes,
edn-table-106,edn-table,1,1,yes,yes,
edn-table-107,edn-table,1,1,yes,yes,
edn-table-108,edn-table,0,0,yes,yes,
edn-table-109,edn-table,0,0,yes,yes,
edn-table-110,edn-table,1,1,yes,yes,
edn-table-111,edn-table,0,0,yes,yes,
edn-table-112,edn-table,1,1,yes,yes,
edn-table-113,edn-table,1,1,yes,yes,
edn-table-114,edn-table,1,1,yes,yes,
edn-table-115,edn-table,0,0,yes,yes,
edn-table-116,edn-table,1,1,yes,yes,
edn-table-117,edn-table,0,0,yes,yes,
edn-table-118,edn-table,1,1,yes,yes,
edn-table-119,edn-table,1,1,yes,yes,
edn-table-primer-120,edn-table-primer,1,1,yes,yes,"boolean: ""true"" accepted for expected ""yes"" (correct)"
edn-table-primer-121,edn-table-primer,0,0,yes,yes,
edn-table-primer-122,edn-table-primer,0,0,yes,yes,
edn-table-primer-123,edn-table-primer,1,1,yes,yes,
edn-table-primer-124,edn-table-primer,1,1,yes,yes,
edn-table-primer-125,edn-table-primer,1,1,yes,yes,
edn-table-primer-126,edn-table-primer,1,1,yes,yes,
edn-table-primer-127,edn-table-primer,1,1,yes,yes,
edn-table-primer-128,edn-table-primer,1,1,yes,yes,
edn-table-primer-129,edn-table-primer,1,1,yes,yes,
edn-table-primer-130,edn-table-primer,1,1,yes,yes,
edn-table-primer-131,edn-table-primer,1,1,yes,yes,
edn-table-primer-132,edn-table-primer,1,1,yes,yes,
edn-table-primer-133,edn-table-primer,1,1,yes,yes,
edn-table-primer-134,edn-table-primer,0,0,yes,yes,
edn-table-primer-135,edn-table-primer,1,1,yes,yes,
edn-table-primer-136,edn-table-primer,1,1,yes,yes,
edn-table-primer-137,edn-table-primer,1,1,yes,yes,
edn-table-primer-138,edn-table-primer,1,1,yes,yes,
edn-table-primer-139,edn-table-primer,0,0,yes,yes,
edn-table-primer-140,edn-table-primer,1,1,yes,yes,
edn-table-primer-141,edn-table-primer,1,1,yes,yes,
edn-table-primer-142,edn-table-primer,0,0,yes,yes,structural validation: see json-compact-8
edn-table-primer-143,edn-table-primer,1,1,yes,yes,
edn-table-primer-144,edn-table-primer,1,1,yes,yes,
edn-table-primer-145,edn-table-primer,1,1,yes,yes,number: 36910 == 36910.00 (correct)
edn-table-primer-146,edn-table-primer,0,0,yes,yes,
edn-table-primer-147,edn-table-primer,1,1,yes,yes,
edn-table-primer-148,edn-table-primer,1,1,yes,yes,
edn-table-primer-149,edn-table-primer,1,1,yes,yes,
csv-150,csv,1,1,yes,yes,
csv-151,csv,1,1,yes,yes,
csv-152,csv,0,0,yes,yes,
csv-153,csv,1,1,yes,yes,
csv-154,csv,1,1,yes,yes,
csv-155,csv,1,1,yes,yes,
csv-156,csv,1,1,yes,yes,
csv-157,csv,1,1,yes,yes,
csv-158,csv,0,0,yes,yes,
csv-159,csv,1,1,yes,yes,
csv-160,csv,1,1,yes,yes,
csv-161,csv,0,0,yes,yes,
csv-162,csv,1,1,yes,yes,
csv-163,csv,1,1,yes,yes,
csv-164,csv,1,1,yes,yes,
csv-165,csv,1,1,yes,yes,
csv-166,csv,0,0,yes,yes,
csv-167,csv,1,1,yes,yes,
csv-168,csv,1,1,yes,yes,
csv-169,csv,1,1,yes,yes,
csv-170,csv,1,1,yes,yes,
csv-171,csv,1,1,yes,yes,
csv-172,csv,1,1,yes,yes,
csv-173,csv,0,0,yes,yes,
csv-174,csv,1,1,yes,yes,
csv-175,csv,1,1,yes,yes,
csv-176,csv,1,1,yes,yes,
csv-177,csv,0,0,yes,yes,
csv-178,csv,1,1,yes,yes,
csv-179,csv,1,1,yes,yes,number with 2-decimal rounding: 0.4885 -> 0.49 (correct per question normalization)
