model,task_id,record,shape,format,sample,ok,parse_valid,lossless,canonical,error,parse_valid_edn_format
haiku,N4-edn-maps-s1,N4,nested,edn-maps,1,1,1,1,1,,1
haiku,F3-edn-maps-s2,F3,flat,edn-maps,2,1,1,1,1,,1
haiku,M1-edn-maps-s2,M1,mixed,edn-maps,2,1,1,1,1,,1
haiku,F6-edn-table-s1,F6,flat,edn-table,1,1,1,1,1,,1
haiku,F4-toon-s1,F4,flat,toon,1,1,0,0,0,"Line 3: Expected 2 tabular row values, but got 3",
haiku,N3-toon-s2,N3,nested,toon,2,1,0,0,0,"Line 5: Expected 2 tabular row values, but got 3",
haiku,N2-edn-table-s3,N2,nested,edn-table,3,1,1,1,1,,1
haiku,F2-edn-maps-s3,F2,flat,edn-maps,3,1,1,1,1,,1
haiku,M3-edn-table-s3,M3,mixed,edn-table,3,1,1,1,1,,1
haiku,M1-edn-table-s1,M1,mixed,edn-table,1,1,1,0,0,,1
haiku,F7-edn-maps-s3,F7,flat,edn-maps,3,1,1,0,0,"EDN decode: unsupported value {\sym\"":\""name\""}""",0
haiku,N1-edn-table-s1,N1,nested,edn-table,1,1,1,1,1,,1
haiku,F3-edn-table-s1,F3,flat,edn-table,1,1,1,1,1,,1
haiku,M4-toon-s1,M4,mixed,toon,1,1,0,0,0,"Line 5: Expected 6 tabular rows, but got 4",
haiku,N7-toon-s3,N7,nested,toon,3,1,0,0,0,"Line 4: Expected 3 tabular row values, but got 2",
haiku,N4-toon-s2,N4,nested,toon,2,1,1,1,1,,
haiku,N1-edn-table-s2,N1,nested,edn-table,2,1,1,1,1,,1
haiku,M5-edn-maps-s2,M5,mixed,edn-maps,2,1,1,1,1,,1
haiku,F5-edn-table-s2,F5,flat,edn-table,2,1,1,1,1,,1
haiku,N5-toon-s1,N5,nested,toon,1,1,0,0,0,"Line 2: Expected 1 tabular row values, but got 3",
haiku,M1-edn-maps-s1,M1,mixed,edn-maps,1,1,1,1,1,,1
haiku,F1-edn-table-s1,F1,flat,edn-table,1,1,1,1,1,,1
haiku,N6-edn-table-s3,N6,nested,edn-table,3,1,1,0,0,,0
haiku,F7-toon-s3,F7,flat,toon,3,1,1,1,1,,
haiku,N2-toon-s3,N2,nested,toon,3,1,1,1,1,,
haiku,F2-toon-s2,F2,flat,toon,2,1,1,1,1,,
haiku,N6-edn-table-s2,N6,nested,edn-table,2,1,1,1,0,,1
haiku,N7-toon-s2,N7,nested,toon,2,1,0,0,0,"Line 4: Expected 3 tabular row values, but got 2",
haiku,N5-edn-table-s3,N5,nested,edn-table,3,1,1,1,1,,1
haiku,N4-edn-maps-s2,N4,nested,edn-maps,2,1,1,1,1,,1
haiku,M4-edn-table-s1,M4,mixed,edn-table,1,1,1,1,1,,1
haiku,M2-toon-s3,M2,mixed,toon,3,1,0,0,0,"Line 2: Expected 4 tabular row values, but got 3",
haiku,M6-edn-table-s2,M6,mixed,edn-table,2,1,1,1,0,,1
haiku,M1-toon-s2,M1,mixed,toon,2,1,1,0,0,,
haiku,F2-edn-table-s3,F2,flat,edn-table,3,1,1,1,1,,1
haiku,M3-edn-maps-s1,M3,mixed,edn-maps,1,1,1,1,1,,1
haiku,M5-edn-maps-s1,M5,mixed,edn-maps,1,1,1,1,1,,1
haiku,N1-toon-s3,N1,nested,toon,3,1,1,1,1,,
haiku,F2-edn-table-s1,F2,flat,edn-table,1,1,1,1,1,,1
haiku,M5-edn-table-s3,M5,mixed,edn-table,3,1,1,1,0,,1
haiku,F1-toon-s3,F1,flat,toon,3,1,1,1,1,,
haiku,F2-toon-s1,F2,flat,toon,1,1,1,1,1,,
haiku,N4-edn-table-s3,N4,nested,edn-table,3,1,1,1,1,,1
haiku,N7-edn-table-s1,N7,nested,edn-table,1,1,1,1,0,,1
haiku,N5-edn-table-s1,N5,nested,edn-table,1,1,1,0,0,,1
haiku,N5-edn-maps-s1,N5,nested,edn-maps,1,1,1,1,1,,1
haiku,F4-toon-s2,F4,flat,toon,2,1,0,0,0,"Line 3: Expected 2 tabular row values, but got 3",
haiku,N5-edn-maps-s3,N5,nested,edn-maps,3,1,1,1,1,,1
haiku,N4-edn-table-s2,N4,nested,edn-table,2,1,1,1,1,,1
haiku,M2-edn-table-s2,M2,mixed,edn-table,2,1,1,0,0,,1
haiku,F3-toon-s1,F3,flat,toon,1,1,1,1,1,,
haiku,F4-edn-maps-s2,F4,flat,edn-maps,2,1,1,1,1,,1
haiku,N7-edn-table-s3,N7,nested,edn-table,3,1,1,1,0,,1
haiku,N6-edn-maps-s1,N6,nested,edn-maps,1,1,1,1,0,,1
haiku,M4-toon-s3,M4,mixed,toon,3,1,0,0,0,"Line 5: Expected 6 tabular rows, but got 4",
haiku,N4-toon-s3,N4,nested,toon,3,1,1,1,1,,
haiku,N6-edn-maps-s2,N6,nested,edn-maps,2,1,1,1,0,,1
haiku,N2-edn-maps-s1,N2,nested,edn-maps,1,1,1,1,1,,1
haiku,F1-toon-s2,F1,flat,toon,2,1,1,1,1,,
haiku,F1-edn-maps-s3,F1,flat,edn-maps,3,1,1,1,1,,1
haiku,N1-edn-maps-s1,N1,nested,edn-maps,1,1,1,1,1,,1
haiku,N3-edn-maps-s1,N3,nested,edn-maps,1,1,1,1,1,,1
haiku,M5-edn-table-s2,M5,mixed,edn-table,2,1,1,1,0,,1
haiku,F6-toon-s1,F6,flat,toon,1,1,1,1,1,,
haiku,F3-edn-table-s3,F3,flat,edn-table,3,1,1,1,1,,1
haiku,F3-toon-s3,F3,flat,toon,3,1,1,1,1,,
haiku,N1-edn-maps-s3,N1,nested,edn-maps,3,1,1,1,1,,1
haiku,F4-edn-maps-s1,F4,flat,edn-maps,1,1,1,1,1,,1
haiku,F3-edn-maps-s3,F3,flat,edn-maps,3,1,1,1,1,,1
haiku,N1-edn-table-s3,N1,nested,edn-table,3,1,1,1,1,,1
haiku,N3-edn-maps-s3,N3,nested,edn-maps,3,1,1,1,1,,1
haiku,N6-toon-s2,N6,nested,toon,2,1,1,1,1,,
haiku,N6-edn-maps-s3,N6,nested,edn-maps,3,1,1,1,0,,1
haiku,M2-edn-table-s1,M2,mixed,edn-table,1,1,1,0,0,,1
haiku,N3-edn-maps-s2,N3,nested,edn-maps,2,1,1,1,1,,1
haiku,F5-edn-table-s3,F5,flat,edn-table,3,1,1,1,1,,1
haiku,N5-edn-table-s2,N5,nested,edn-table,2,1,1,0,0,,1
haiku,F6-toon-s2,F6,flat,toon,2,1,1,1,1,,
haiku,N2-toon-s1,N2,nested,toon,1,1,1,1,1,,
haiku,N1-toon-s2,N1,nested,toon,2,1,1,1,1,,
haiku,F7-edn-table-s3,F7,flat,edn-table,3,1,1,1,1,,1
haiku,M6-toon-s2,M6,mixed,toon,2,1,1,0,0,,
haiku,N7-edn-maps-s2,N7,nested,edn-maps,2,1,1,1,1,,1
haiku,F1-toon-s1,F1,flat,toon,1,1,1,1,1,,
haiku,M3-edn-maps-s2,M3,mixed,edn-maps,2,1,1,1,1,,1
haiku,N4-edn-table-s1,N4,nested,edn-table,1,1,1,1,1,,1
haiku,M6-edn-table-s1,M6,mixed,edn-table,1,1,1,1,0,,1
haiku,M3-edn-table-s1,M3,mixed,edn-table,1,1,1,1,1,,1
haiku,F5-toon-s1,F5,flat,toon,1,1,0,0,0,"Line 1: Expected 3 tabular rows, but got 0",
haiku,F2-edn-maps-s1,F2,flat,edn-maps,1,1,1,1,1,,1
haiku,F6-edn-maps-s2,F6,flat,edn-maps,2,1,1,1,1,,1
haiku,N6-toon-s1,N6,nested,toon,1,1,1,1,1,,
haiku,F7-edn-maps-s2,F7,flat,edn-maps,2,1,1,0,0,"EDN decode: unsupported value {\sym\"":\""name\""}""",0
haiku,M3-edn-table-s2,M3,mixed,edn-table,2,1,1,1,1,,1
haiku,M3-edn-maps-s3,M3,mixed,edn-maps,3,1,1,1,1,,1
haiku,N4-edn-maps-s3,N4,nested,edn-maps,3,1,1,1,1,,1
haiku,N2-edn-maps-s2,N2,nested,edn-maps,2,1,1,1,1,,1
haiku,M6-toon-s3,M6,mixed,toon,3,1,1,0,0,,
haiku,M5-edn-maps-s3,M5,mixed,edn-maps,3,1,1,1,1,,1
haiku,M4-edn-table-s3,M4,mixed,edn-table,3,1,1,1,1,,1
haiku,F5-toon-s3,F5,flat,toon,3,1,0,0,0,"Line 1: Expected 3 tabular rows, but got 0",
haiku,F4-edn-table-s2,F4,flat,edn-table,2,1,1,1,1,,1
haiku,N1-edn-maps-s2,N1,nested,edn-maps,2,1,1,1,1,,1
haiku,F1-edn-table-s3,F1,flat,edn-table,3,1,1,1,1,,1
haiku,N2-edn-table-s1,N2,nested,edn-table,1,1,1,1,1,,1
haiku,M1-toon-s3,M1,mixed,toon,3,1,1,0,0,,
haiku,F5-edn-maps-s2,F5,flat,edn-maps,2,1,1,1,1,,1
haiku,M4-edn-maps-s1,M4,mixed,edn-maps,1,1,1,1,1,,1
haiku,N3-toon-s3,N3,nested,toon,3,1,1,0,0,,
haiku,F5-edn-maps-s1,F5,flat,edn-maps,1,1,1,1,1,,1
haiku,M2-edn-maps-s3,M2,mixed,edn-maps,3,1,1,1,1,,1
haiku,F4-edn-table-s3,F4,flat,edn-table,3,1,1,1,1,,1
haiku,F7-edn-maps-s1,F7,flat,edn-maps,1,1,1,0,0,,1
haiku,F1-edn-maps-s1,F1,flat,edn-maps,1,1,1,1,1,,1
haiku,M5-toon-s3,M5,mixed,toon,3,1,1,0,0,,
haiku,F6-edn-maps-s3,F6,flat,edn-maps,3,1,1,1,1,,1
haiku,N3-edn-table-s3,N3,nested,edn-table,3,1,1,1,0,,1
haiku,M2-toon-s1,M2,mixed,toon,1,1,0,0,0,"Line 2: Expected 4 tabular row values, but got 3",
haiku,N3-edn-table-s1,N3,nested,edn-table,1,1,1,1,0,,1
haiku,F3-toon-s2,F3,flat,toon,2,1,1,1,1,,
haiku,N5-toon-s2,N5,nested,toon,2,1,0,0,0,"Line 1: Unexpected content \[3]\"" between bracket segment and colon""",
haiku,F5-toon-s2,F5,flat,toon,2,1,0,0,0,"Line 1: Expected 3 tabular rows, but got 0",
haiku,N2-edn-maps-s3,N2,nested,edn-maps,3,1,1,1,1,,1
haiku,M5-edn-table-s1,M5,mixed,edn-table,1,1,1,1,0,,1
haiku,F4-edn-maps-s3,F4,flat,edn-maps,3,1,1,1,1,,1
haiku,F6-toon-s3,F6,flat,toon,3,1,1,1,1,,
haiku,N3-edn-table-s2,N3,nested,edn-table,2,1,1,1,0,,1
haiku,N1-toon-s1,N1,nested,toon,1,1,1,1,1,,
haiku,M3-toon-s1,M3,mixed,toon,1,1,1,1,1,,
haiku,F6-edn-table-s3,F6,flat,edn-table,3,1,1,1,1,,1
haiku,N3-toon-s1,N3,nested,toon,1,1,0,0,0,"Line 5: Expected 2 tabular row values, but got 3",
haiku,F7-edn-table-s2,F7,flat,edn-table,2,1,1,1,1,,1
haiku,N2-edn-table-s2,N2,nested,edn-table,2,1,1,1,1,,1
haiku,M1-toon-s1,M1,mixed,toon,1,1,1,0,0,,
haiku,F7-edn-table-s1,F7,flat,edn-table,1,1,1,1,1,,1
haiku,N7-toon-s1,N7,nested,toon,1,1,0,0,0,"Line 4: Expected 3 tabular row values, but got 2",
haiku,N5-toon-s3,N5,nested,toon,3,1,0,0,0,"Line 2: Expected 1 tabular row values, but got 3",
haiku,M1-edn-table-s3,M1,mixed,edn-table,3,1,1,0,0,,1
haiku,M4-toon-s2,M4,mixed,toon,2,1,0,0,0,Line 1: Empty field name in field list,
haiku,F4-toon-s3,F4,flat,toon,3,1,0,0,0,"Line 3: Expected 2 tabular row values, but got 3",
haiku,F1-edn-maps-s2,F1,flat,edn-maps,2,1,1,1,1,,1
haiku,F4-edn-table-s1,F4,flat,edn-table,1,1,1,1,1,,1
haiku,M4-edn-table-s2,M4,mixed,edn-table,2,1,1,1,1,,1
haiku,M6-edn-maps-s3,M6,mixed,edn-maps,3,1,1,1,1,,1
haiku,M5-toon-s2,M5,mixed,toon,2,1,1,0,0,,
haiku,N6-toon-s3,N6,nested,toon,3,1,1,1,1,,
haiku,M2-edn-maps-s1,M2,mixed,edn-maps,1,1,1,1,1,,1
haiku,M1-edn-table-s2,M1,mixed,edn-table,2,1,1,0,0,,1
haiku,M4-edn-maps-s2,M4,mixed,edn-maps,2,1,1,1,1,,1
haiku,M4-edn-maps-s3,M4,mixed,edn-maps,3,1,1,1,1,,1
haiku,M6-toon-s1,M6,mixed,toon,1,1,1,0,0,,
haiku,M3-toon-s3,M3,mixed,toon,3,1,1,1,1,,
haiku,M6-edn-maps-s1,M6,mixed,edn-maps,1,1,1,1,1,,1
haiku,F2-edn-table-s2,F2,flat,edn-table,2,1,1,1,1,,1
haiku,M6-edn-maps-s2,M6,mixed,edn-maps,2,1,1,1,1,,1
haiku,F7-toon-s2,F7,flat,toon,2,1,1,1,1,,
haiku,F7-toon-s1,F7,flat,toon,1,1,1,1,1,,
haiku,M1-edn-maps-s3,M1,mixed,edn-maps,3,1,1,1,1,,1
haiku,F5-edn-maps-s3,F5,flat,edn-maps,3,1,1,1,1,,1
haiku,M2-toon-s2,M2,mixed,toon,2,1,0,0,0,"Line 2: Expected 4 tabular row values, but got 3",
haiku,F3-edn-table-s2,F3,flat,edn-table,2,1,1,1,1,,1
haiku,F6-edn-table-s2,F6,flat,edn-table,2,1,1,1,1,,1
haiku,M3-toon-s2,M3,mixed,toon,2,1,1,1,1,,
haiku,N4-toon-s1,N4,nested,toon,1,1,1,1,1,,
haiku,N7-edn-table-s2,N7,nested,edn-table,2,1,1,1,0,,1
haiku,N7-edn-maps-s1,N7,nested,edn-maps,1,1,1,1,1,,1
haiku,F2-toon-s3,F2,flat,toon,3,1,1,1,1,,
haiku,M2-edn-maps-s2,M2,mixed,edn-maps,2,1,1,1,1,,1
haiku,M5-toon-s1,M5,mixed,toon,1,1,1,0,0,,
haiku,M2-edn-table-s3,M2,mixed,edn-table,3,1,1,0,0,,1
haiku,M6-edn-table-s3,M6,mixed,edn-table,3,1,1,1,0,,1
haiku,N2-toon-s2,N2,nested,toon,2,1,1,1,1,,
haiku,F3-edn-maps-s1,F3,flat,edn-maps,1,1,1,1,1,,1
haiku,N5-edn-maps-s2,N5,nested,edn-maps,2,1,1,1,1,,1
haiku,F5-edn-table-s1,F5,flat,edn-table,1,1,1,1,1,,1
haiku,F2-edn-maps-s2,F2,flat,edn-maps,2,1,1,1,1,,1
haiku,N6-edn-table-s1,N6,nested,edn-table,1,1,1,0,0,,0
haiku,F1-edn-table-s2,F1,flat,edn-table,2,1,1,1,1,,1
haiku,N7-edn-maps-s3,N7,nested,edn-maps,3,1,1,1,1,,1
haiku,F6-edn-maps-s1,F6,flat,edn-maps,1,1,1,1,1,,1
opus,F1-toon-s3,F1,flat,toon,3,1,1,1,1,,
opus,M3-toon-s2,M3,mixed,toon,2,1,1,1,1,,
opus,M6-edn-maps-s2,M6,mixed,edn-maps,2,1,1,1,1,,1
opus,N7-edn-table-s3,N7,nested,edn-table,3,1,1,1,0,,1
opus,F6-toon-s3,F6,flat,toon,3,1,1,1,1,,
opus,F3-edn-table-s1,F3,flat,edn-table,1,1,1,1,1,,1
opus,N4-edn-table-s3,N4,nested,edn-table,3,1,1,1,1,,1
opus,F1-edn-table-s2,F1,flat,edn-table,2,1,1,1,1,,1
opus,N2-edn-maps-s3,N2,nested,edn-maps,3,1,1,1,1,,1
opus,M6-edn-table-s2,M6,mixed,edn-table,2,1,1,1,0,,1
opus,N1-toon-s2,N1,nested,toon,2,1,1,1,1,,
opus,F7-edn-table-s3,F7,flat,edn-table,3,1,1,1,1,,1
opus,F4-toon-s2,F4,flat,toon,2,1,1,1,1,,
opus,N6-toon-s1,N6,nested,toon,1,1,1,1,1,,
opus,F2-edn-maps-s1,F2,flat,edn-maps,1,1,1,1,1,,1
opus,N4-toon-s3,N4,nested,toon,3,1,1,1,1,,
opus,N3-edn-maps-s2,N3,nested,edn-maps,2,1,1,1,1,,1
opus,M4-toon-s1,M4,mixed,toon,1,1,1,1,1,,
opus,F4-edn-table-s3,F4,flat,edn-table,3,1,1,1,1,,1
opus,F6-edn-table-s1,F6,flat,edn-table,1,1,1,1,1,,1
opus,N2-edn-table-s2,N2,nested,edn-table,2,1,1,1,1,,1
opus,F6-edn-table-s2,F6,flat,edn-table,2,1,1,1,1,,1
opus,F5-edn-table-s2,F5,flat,edn-table,2,1,1,1,1,,1
opus,N5-edn-maps-s1,N5,nested,edn-maps,1,1,1,1,1,,1
opus,F2-edn-table-s3,F2,flat,edn-table,3,1,1,1,1,,1
opus,F6-edn-table-s3,F6,flat,edn-table,3,1,1,1,1,,1
opus,F7-edn-maps-s1,F7,flat,edn-maps,1,1,1,1,1,,1
opus,M3-edn-maps-s1,M3,mixed,edn-maps,1,1,1,1,1,,1
opus,F3-toon-s3,F3,flat,toon,3,1,1,1,1,,
opus,N3-toon-s2,N3,nested,toon,2,1,1,1,1,,
opus,M4-edn-table-s2,M4,mixed,edn-table,2,1,1,1,1,,1
opus,M3-toon-s1,M3,mixed,toon,1,1,1,1,1,,
opus,F2-edn-maps-s2,F2,flat,edn-maps,2,1,1,1,1,,1
opus,F6-edn-maps-s3,F6,flat,edn-maps,3,1,1,1,1,,1
opus,F2-toon-s3,F2,flat,toon,3,1,1,1,1,,
opus,M5-edn-table-s2,M5,mixed,edn-table,2,1,1,1,0,,1
opus,F1-edn-table-s1,F1,flat,edn-table,1,1,1,1,1,,1
opus,N7-edn-table-s1,N7,nested,edn-table,1,1,1,1,0,,1
opus,F3-edn-maps-s1,F3,flat,edn-maps,1,1,1,1,1,,1
opus,M1-edn-table-s3,M1,mixed,edn-table,3,1,1,1,1,,1
opus,N6-edn-table-s3,N6,nested,edn-table,3,1,1,1,1,,1
opus,N6-edn-maps-s3,N6,nested,edn-maps,3,1,1,1,1,,1
opus,N5-edn-table-s2,N5,nested,edn-table,2,1,1,1,1,,1
opus,F3-edn-maps-s2,F3,flat,edn-maps,2,1,1,1,1,,1
opus,N6-edn-maps-s2,N6,nested,edn-maps,2,1,1,1,1,,1
opus,N1-toon-s3,N1,nested,toon,3,1,1,1,1,,
opus,F7-toon-s2,F7,flat,toon,2,1,1,1,1,,
opus,N1-edn-table-s1,N1,nested,edn-table,1,1,1,1,1,,1
opus,F4-toon-s1,F4,flat,toon,1,1,1,1,1,,
opus,F2-toon-s2,F2,flat,toon,2,1,1,1,1,,
opus,N5-toon-s2,N5,nested,toon,2,1,1,1,1,,
opus,N7-edn-maps-s2,N7,nested,edn-maps,2,1,1,1,1,,1
opus,N5-edn-maps-s2,N5,nested,edn-maps,2,1,1,1,1,,1
opus,N5-toon-s3,N5,nested,toon,3,1,1,1,1,,
opus,F5-toon-s1,F5,flat,toon,1,1,1,1,1,,
opus,F1-toon-s1,F1,flat,toon,1,1,1,1,1,,
opus,M2-edn-table-s3,M2,mixed,edn-table,3,1,1,0,0,,1
opus,M3-edn-table-s3,M3,mixed,edn-table,3,1,1,1,1,,1
opus,F5-edn-maps-s1,F5,flat,edn-maps,1,1,1,1,1,,1
opus,F7-edn-maps-s3,F7,flat,edn-maps,3,1,1,1,1,,1
opus,N6-edn-table-s1,N6,nested,edn-table,1,1,1,1,1,,1
opus,F7-toon-s3,F7,flat,toon,3,1,1,1,1,,
opus,F5-edn-table-s3,F5,flat,edn-table,3,1,1,1,1,,1
opus,M2-toon-s1,M2,mixed,toon,1,1,1,1,1,,
opus,M1-edn-maps-s3,M1,mixed,edn-maps,3,1,1,1,1,,1
opus,N2-toon-s1,N2,nested,toon,1,1,1,1,1,,
opus,F7-edn-table-s1,F7,flat,edn-table,1,1,1,1,1,,1
opus,M3-edn-maps-s2,M3,mixed,edn-maps,2,1,1,1,1,,1
opus,F7-edn-maps-s2,F7,flat,edn-maps,2,1,1,1,1,,1
opus,N7-edn-table-s2,N7,nested,edn-table,2,1,1,1,0,,1
opus,N4-toon-s2,N4,nested,toon,2,1,1,1,1,,
opus,M6-toon-s3,M6,mixed,toon,3,1,1,1,1,,
opus,F2-edn-maps-s3,F2,flat,edn-maps,3,1,1,1,1,,1
opus,M4-edn-maps-s1,M4,mixed,edn-maps,1,1,1,1,1,,1
opus,N6-toon-s3,N6,nested,toon,3,1,1,1,1,,
opus,F4-toon-s3,F4,flat,toon,3,1,1,1,1,,
opus,N1-edn-table-s3,N1,nested,edn-table,3,1,1,1,1,,1
opus,M6-edn-table-s1,M6,mixed,edn-table,1,1,1,1,0,,1
opus,N3-edn-table-s3,N3,nested,edn-table,3,1,1,1,0,,1
opus,N3-toon-s1,N3,nested,toon,1,1,1,1,1,,
opus,F7-toon-s1,F7,flat,toon,1,1,1,1,1,,
opus,N3-edn-maps-s1,N3,nested,edn-maps,1,1,1,1,1,,1
opus,N7-toon-s1,N7,nested,toon,1,1,1,1,1,,
opus,N5-edn-maps-s3,N5,nested,edn-maps,3,1,1,1,1,,1
opus,F6-edn-maps-s1,F6,flat,edn-maps,1,1,1,1,1,,1
opus,F2-edn-table-s1,F2,flat,edn-table,1,1,1,1,1,,1
opus,M5-edn-table-s3,M5,mixed,edn-table,3,1,1,1,0,,1
opus,F5-edn-maps-s2,F5,flat,edn-maps,2,1,1,1,1,,1
opus,M1-toon-s1,M1,mixed,toon,1,1,1,1,1,,
opus,F5-toon-s3,F5,flat,toon,3,1,1,1,1,,
opus,N2-edn-table-s3,N2,nested,edn-table,3,1,1,1,1,,1
opus,F1-toon-s2,F1,flat,toon,2,1,1,1,1,,
opus,N7-toon-s3,N7,nested,toon,3,1,1,1,1,,
opus,N6-edn-maps-s1,N6,nested,edn-maps,1,1,1,1,1,,1
opus,N3-toon-s3,N3,nested,toon,3,1,1,1,1,,
opus,M1-edn-table-s2,M1,mixed,edn-table,2,1,1,1,1,,1
opus,M1-toon-s3,M1,mixed,toon,3,1,1,1,1,,
opus,N5-toon-s1,N5,nested,toon,1,1,1,1,1,,
opus,F4-edn-table-s2,F4,flat,edn-table,2,1,1,1,1,,1
opus,M2-edn-maps-s1,M2,mixed,edn-maps,1,1,1,1,1,,1
opus,F4-edn-maps-s1,F4,flat,edn-maps,1,1,1,1,1,,1
opus,M4-edn-maps-s2,M4,mixed,edn-maps,2,1,1,1,1,,1
opus,N1-edn-table-s2,N1,nested,edn-table,2,1,1,1,1,,1
opus,M6-edn-maps-s1,M6,mixed,edn-maps,1,1,1,1,1,,1
opus,M5-toon-s2,M5,mixed,toon,2,1,1,1,1,,
opus,N4-edn-maps-s3,N4,nested,edn-maps,3,1,1,1,1,,1
opus,N7-edn-maps-s1,N7,nested,edn-maps,1,1,1,1,1,,1
opus,N3-edn-table-s2,N3,nested,edn-table,2,1,1,1,0,,1
opus,M6-edn-table-s3,M6,mixed,edn-table,3,1,1,1,0,,1
opus,N2-toon-s2,N2,nested,toon,2,1,1,1,1,,
opus,M6-toon-s1,M6,mixed,toon,1,1,1,1,1,,
opus,N2-toon-s3,N2,nested,toon,3,1,1,1,1,,
opus,M3-edn-maps-s3,M3,mixed,edn-maps,3,1,1,1,1,,1
opus,M5-edn-maps-s1,M5,mixed,edn-maps,1,1,1,1,1,,1
opus,M5-edn-maps-s2,M5,mixed,edn-maps,2,1,1,1,1,,1
opus,F7-edn-table-s2,F7,flat,edn-table,2,1,1,1,1,,1
opus,N4-edn-table-s1,N4,nested,edn-table,1,1,1,1,1,,1
opus,F3-toon-s2,F3,flat,toon,2,1,1,1,1,,
opus,M2-edn-table-s2,M2,mixed,edn-table,2,1,1,0,0,,1
opus,F5-edn-table-s1,F5,flat,edn-table,1,1,1,1,1,,1
opus,F1-edn-maps-s1,F1,flat,edn-maps,1,1,1,1,1,,1
opus,M2-toon-s3,M2,mixed,toon,3,1,1,1,1,,
opus,N1-toon-s1,N1,nested,toon,1,1,1,1,1,,
opus,M4-edn-maps-s3,M4,mixed,edn-maps,3,1,1,1,1,,1
opus,M1-edn-maps-s1,M1,mixed,edn-maps,1,1,1,1,1,,1
opus,M4-edn-table-s3,M4,mixed,edn-table,3,1,1,1,1,,1
opus,M6-edn-maps-s3,M6,mixed,edn-maps,3,1,1,1,1,,1
opus,M2-edn-maps-s2,M2,mixed,edn-maps,2,1,1,1,1,,1
opus,M5-toon-s3,M5,mixed,toon,3,1,1,1,1,,
opus,F6-toon-s2,F6,flat,toon,2,1,1,1,1,,
opus,F2-toon-s1,F2,flat,toon,1,1,1,1,1,,
opus,M4-edn-table-s1,M4,mixed,edn-table,1,1,1,1,1,,1
opus,N5-edn-table-s3,N5,nested,edn-table,3,1,1,1,1,,1
opus,N1-edn-maps-s2,N1,nested,edn-maps,2,1,1,1,1,,1
opus,F4-edn-maps-s3,F4,flat,edn-maps,3,1,1,1,1,,1
opus,N3-edn-maps-s3,N3,nested,edn-maps,3,1,1,1,1,,1
opus,M2-edn-table-s1,M2,mixed,edn-table,1,1,1,0,0,,1
opus,F6-edn-maps-s2,F6,flat,edn-maps,2,1,1,1,1,,1
opus,N4-edn-table-s2,N4,nested,edn-table,2,1,1,1,1,,1
opus,F3-edn-table-s3,F3,flat,edn-table,3,1,1,1,1,,1
opus,N2-edn-maps-s2,N2,nested,edn-maps,2,1,1,1,1,,1
opus,F5-toon-s2,F5,flat,toon,2,1,1,1,1,,
opus,M4-toon-s3,M4,mixed,toon,3,1,1,1,1,,
opus,F1-edn-maps-s2,F1,flat,edn-maps,2,1,1,1,1,,1
opus,M4-toon-s2,M4,mixed,toon,2,1,1,1,1,,
opus,M1-toon-s2,M1,mixed,toon,2,1,1,1,1,,
opus,M5-edn-maps-s3,M5,mixed,edn-maps,3,1,1,1,1,,1
opus,F5-edn-maps-s3,F5,flat,edn-maps,3,1,1,1,1,,1
opus,M6-toon-s2,M6,mixed,toon,2,1,1,1,1,,
opus,N4-edn-maps-s1,N4,nested,edn-maps,1,1,1,1,1,,1
opus,N4-toon-s1,N4,nested,toon,1,1,1,1,1,,
opus,F6-toon-s1,F6,flat,toon,1,1,1,1,1,,
opus,N3-edn-table-s1,N3,nested,edn-table,1,1,1,1,0,,1
opus,M3-toon-s3,M3,mixed,toon,3,1,1,1,1,,
opus,N7-toon-s2,N7,nested,toon,2,1,1,1,1,,
opus,F3-edn-maps-s3,F3,flat,edn-maps,3,1,1,1,1,,1
opus,M1-edn-maps-s2,M1,mixed,edn-maps,2,1,1,1,1,,1
opus,F4-edn-table-s1,F4,flat,edn-table,1,1,1,1,1,,1
opus,M2-edn-maps-s3,M2,mixed,edn-maps,3,1,1,1,1,,1
opus,N2-edn-table-s1,N2,nested,edn-table,1,1,1,1,1,,1
opus,N7-edn-maps-s3,N7,nested,edn-maps,3,1,1,1,1,,1
opus,M3-edn-table-s1,M3,mixed,edn-table,1,1,1,1,1,,1
opus,M2-toon-s2,M2,mixed,toon,2,1,1,1,1,,
opus,M3-edn-table-s2,M3,mixed,edn-table,2,1,1,1,1,,1
opus,F2-edn-table-s2,F2,flat,edn-table,2,1,1,1,1,,1
opus,N5-edn-table-s1,N5,nested,edn-table,1,1,1,1,1,,1
opus,F1-edn-maps-s3,F1,flat,edn-maps,3,1,1,1,1,,1
opus,N1-edn-maps-s1,N1,nested,edn-maps,1,1,1,1,1,,1
opus,N6-toon-s2,N6,nested,toon,2,1,1,1,1,,
opus,M5-edn-table-s1,M5,mixed,edn-table,1,1,1,1,0,,1
opus,N4-edn-maps-s2,N4,nested,edn-maps,2,1,1,1,1,,1
opus,M1-edn-table-s1,M1,mixed,edn-table,1,1,1,1,1,,1
opus,F3-edn-table-s2,F3,flat,edn-table,2,1,1,1,1,,1
opus,N2-edn-maps-s1,N2,nested,edn-maps,1,1,1,1,1,,1
opus,N1-edn-maps-s3,N1,nested,edn-maps,3,1,1,1,1,,1
opus,N6-edn-table-s2,N6,nested,edn-table,2,1,1,1,1,,1
opus,F3-toon-s1,F3,flat,toon,1,1,1,1,1,,
opus,F1-edn-table-s3,F1,flat,edn-table,3,1,1,1,1,,1
opus,F4-edn-maps-s2,F4,flat,edn-maps,2,1,1,1,1,,1
opus,M5-toon-s1,M5,mixed,toon,1,1,1,1,1,,
sonnet,F2-edn-maps-s3,F2,flat,edn-maps,3,1,1,1,1,,1
sonnet,M1-edn-table-s1,M1,mixed,edn-table,1,1,1,0,0,,1
sonnet,F3-edn-table-s2,F3,flat,edn-table,2,1,1,1,1,,1
sonnet,N3-toon-s2,N3,nested,toon,2,1,1,1,1,,
sonnet,M2-edn-maps-s1,M2,mixed,edn-maps,1,1,1,1,1,,1
sonnet,M4-edn-maps-s3,M4,mixed,edn-maps,3,1,1,1,1,,1
sonnet,N3-edn-table-s1,N3,nested,edn-table,1,1,1,1,0,,1
sonnet,N5-toon-s2,N5,nested,toon,2,1,0,0,0,"Line 1: Expected 3 list-form items, but got 0",
sonnet,M2-edn-table-s3,M2,mixed,edn-table,3,1,1,0,0,,1
sonnet,N2-edn-table-s2,N2,nested,edn-table,2,1,1,1,1,,1
sonnet,F1-edn-table-s1,F1,flat,edn-table,1,1,1,1,1,,1
sonnet,N7-toon-s1,N7,nested,toon,1,1,1,1,1,,
sonnet,N3-toon-s3,N3,nested,toon,3,1,1,1,1,,
sonnet,M1-toon-s3,M1,mixed,toon,3,1,1,1,1,,
sonnet,F2-edn-table-s1,F2,flat,edn-table,1,1,1,1,1,,1
sonnet,N3-edn-maps-s2,N3,nested,edn-maps,2,1,1,1,1,,1
sonnet,F3-toon-s2,F3,flat,toon,2,1,1,1,1,,
sonnet,M1-edn-maps-s2,M1,mixed,edn-maps,2,1,1,1,1,,1
sonnet,M5-edn-maps-s3,M5,mixed,edn-maps,3,1,1,1,1,,1
sonnet,M5-edn-table-s2,M5,mixed,edn-table,2,1,1,1,0,,1
sonnet,N4-edn-table-s2,N4,nested,edn-table,2,1,1,1,1,,1
sonnet,N6-edn-table-s2,N6,nested,edn-table,2,1,1,1,0,,1
sonnet,N2-toon-s3,N2,nested,toon,3,1,1,1,1,,
sonnet,N3-edn-maps-s3,N3,nested,edn-maps,3,1,1,1,1,,1
sonnet,M3-edn-maps-s1,M3,mixed,edn-maps,1,1,1,1,1,,1
sonnet,F7-edn-maps-s2,F7,flat,edn-maps,2,1,1,0,0,"EDN decode: unsupported value {\sym\"":\""name\""}""",0
sonnet,N7-edn-table-s2,N7,nested,edn-table,2,1,1,1,0,,1
sonnet,M6-toon-s3,M6,mixed,toon,3,1,0,0,0,"Line 6: Expected 2 tabular row values, but got 3",
sonnet,F6-edn-maps-s2,F6,flat,edn-maps,2,1,1,1,1,,1
sonnet,F4-edn-table-s2,F4,flat,edn-table,2,1,1,1,1,,1
sonnet,F2-toon-s3,F2,flat,toon,3,1,1,1,1,,
sonnet,F1-edn-maps-s1,F1,flat,edn-maps,1,1,1,1,1,,1
sonnet,M4-toon-s1,M4,mixed,toon,1,1,0,0,0,"Line 1: Expected 6 inline-form values, but got 7",
sonnet,M4-toon-s3,M4,mixed,toon,3,1,0,0,0,"Line 1: Expected 6 inline-form values, but got 7",
sonnet,N7-toon-s2,N7,nested,toon,2,1,0,0,0,"Line 4: Expected 2 list-form items, but got 1",
sonnet,M2-toon-s2,M2,mixed,toon,2,1,1,1,1,,
sonnet,F1-edn-maps-s3,F1,flat,edn-maps,3,1,1,1,1,,1
sonnet,N1-edn-maps-s1,N1,nested,edn-maps,1,1,1,1,1,,1
sonnet,F5-edn-maps-s2,F5,flat,edn-maps,2,1,1,1,1,,1
sonnet,N5-edn-table-s3,N5,nested,edn-table,3,1,1,1,1,,1
sonnet,N6-edn-maps-s1,N6,nested,edn-maps,1,1,1,1,0,,1
sonnet,F5-edn-maps-s3,F5,flat,edn-maps,3,1,1,1,1,,1
sonnet,F1-toon-s1,F1,flat,toon,1,1,1,1,1,,
sonnet,M3-edn-table-s3,M3,mixed,edn-table,3,1,1,1,1,,1
sonnet,N4-toon-s2,N4,nested,toon,2,1,1,1,1,,
sonnet,M6-edn-table-s1,M6,mixed,edn-table,1,1,1,1,0,,1
sonnet,M5-edn-table-s3,M5,mixed,edn-table,3,1,1,1,0,,1
sonnet,N3-edn-table-s2,N3,nested,edn-table,2,1,1,1,0,,1
sonnet,F3-edn-table-s1,F3,flat,edn-table,1,1,1,1,1,,1
sonnet,N6-edn-table-s1,N6,nested,edn-table,1,1,1,1,0,,1
sonnet,F5-edn-maps-s1,F5,flat,edn-maps,1,1,1,1,1,,1
sonnet,N7-toon-s3,N7,nested,toon,3,1,0,0,0,Line 6: Unexpected characters after closing quote,
sonnet,F3-toon-s3,F3,flat,toon,3,1,1,1,1,,
sonnet,F7-toon-s1,F7,flat,toon,1,1,1,1,1,,
sonnet,M3-edn-maps-s3,M3,mixed,edn-maps,3,1,1,1,1,,1
sonnet,F6-toon-s2,F6,flat,toon,2,1,1,1,1,,
sonnet,M3-edn-table-s2,M3,mixed,edn-table,2,1,1,1,1,,1
sonnet,F4-edn-maps-s1,F4,flat,edn-maps,1,1,1,1,1,,1
sonnet,M2-toon-s3,M2,mixed,toon,3,1,1,0,0,,
sonnet,M3-edn-maps-s2,M3,mixed,edn-maps,2,1,1,1,1,,1
sonnet,M4-edn-table-s1,M4,mixed,edn-table,1,1,1,1,1,,1
sonnet,F3-edn-table-s3,F3,flat,edn-table,3,1,1,1,1,,1
sonnet,N4-edn-maps-s3,N4,nested,edn-maps,3,1,1,1,1,,1
sonnet,F6-edn-table-s2,F6,flat,edn-table,2,1,1,1,1,,1
sonnet,F2-edn-table-s2,F2,flat,edn-table,2,1,1,1,1,,1
sonnet,M4-edn-maps-s1,M4,mixed,edn-maps,1,1,1,1,1,,1
sonnet,N7-edn-table-s3,N7,nested,edn-table,3,1,1,1,0,,1
sonnet,F4-toon-s3,F4,flat,toon,3,1,1,1,1,,
sonnet,N7-edn-maps-s3,N7,nested,edn-maps,3,1,1,1,1,,1
sonnet,N1-edn-table-s2,N1,nested,edn-table,2,1,1,1,1,,1
sonnet,F1-edn-maps-s2,F1,flat,edn-maps,2,1,1,1,1,,1
sonnet,M2-edn-maps-s3,M2,mixed,edn-maps,3,1,1,1,1,,1
sonnet,N3-edn-table-s3,N3,nested,edn-table,3,1,1,1,0,,1
sonnet,F5-toon-s2,F5,flat,toon,2,1,0,0,0,"Line 1: Expected 3 tabular rows, but got 0",
sonnet,F3-edn-maps-s1,F3,flat,edn-maps,1,1,1,1,1,,1
sonnet,F4-edn-maps-s3,F4,flat,edn-maps,3,1,1,1,1,,1
sonnet,N2-edn-maps-s3,N2,nested,edn-maps,3,1,1,1,1,,1
sonnet,F2-edn-table-s3,F2,flat,edn-table,3,1,1,1,1,,1
sonnet,N4-edn-table-s3,N4,nested,edn-table,3,1,1,0,0,EDN decode: keyword :darkMode used as a value,1
sonnet,M5-toon-s1,M5,mixed,toon,1,1,0,0,0,"Line 2: Expected 3 tabular row values, but got 4",
sonnet,N2-toon-s2,N2,nested,toon,2,1,1,1,1,,
sonnet,N1-edn-table-s3,N1,nested,edn-table,3,1,1,1,1,,1
sonnet,F1-toon-s3,F1,flat,toon,3,1,1,1,1,,
sonnet,F7-edn-table-s1,F7,flat,edn-table,1,1,1,0,0,,1
sonnet,M3-toon-s1,M3,mixed,toon,1,1,1,1,1,,
sonnet,F6-toon-s3,F6,flat,toon,3,1,1,1,1,,
sonnet,F1-edn-table-s2,F1,flat,edn-table,2,1,1,1,1,,1
sonnet,M6-edn-table-s2,M6,mixed,edn-table,2,1,1,1,0,,1
sonnet,M1-toon-s1,M1,mixed,toon,1,1,1,1,1,,
sonnet,N7-edn-table-s1,N7,nested,edn-table,1,1,1,1,0,,1
sonnet,N2-edn-maps-s1,N2,nested,edn-maps,1,1,1,1,1,,1
sonnet,N5-edn-maps-s1,N5,nested,edn-maps,1,1,1,1,1,,1
sonnet,N4-toon-s3,N4,nested,toon,3,1,1,1,1,,
sonnet,M4-edn-table-s2,M4,mixed,edn-table,2,1,1,1,1,,1
sonnet,F6-edn-table-s3,F6,flat,edn-table,3,1,1,1,1,,1
sonnet,F4-edn-maps-s2,F4,flat,edn-maps,2,1,1,1,1,,1
sonnet,N5-edn-table-s2,N5,nested,edn-table,2,1,1,1,1,,1
sonnet,F5-toon-s3,F5,flat,toon,3,1,0,0,0,"Line 1: Expected 3 tabular rows, but got 0",
sonnet,M6-edn-maps-s3,M6,mixed,edn-maps,3,1,1,1,1,,1
sonnet,N5-edn-maps-s2,N5,nested,edn-maps,2,1,1,1,1,,1
sonnet,N1-toon-s3,N1,nested,toon,3,1,1,1,1,,
sonnet,F1-toon-s2,F1,flat,toon,2,1,1,1,1,,
sonnet,N3-toon-s1,N3,nested,toon,1,1,1,1,1,,
sonnet,N7-edn-maps-s1,N7,nested,edn-maps,1,1,1,1,1,,1
sonnet,N1-edn-maps-s3,N1,nested,edn-maps,3,1,1,1,1,,1
sonnet,M2-edn-table-s2,M2,mixed,edn-table,2,1,1,0,0,,1
sonnet,F5-toon-s1,F5,flat,toon,1,1,0,0,0,"Line 1: Expected 3 tabular rows, but got 0",
sonnet,N6-edn-maps-s3,N6,nested,edn-maps,3,1,1,1,0,,1
sonnet,F5-edn-table-s2,F5,flat,edn-table,2,1,1,1,1,,1
sonnet,M6-edn-table-s3,M6,mixed,edn-table,3,1,1,1,0,,1
sonnet,N1-edn-maps-s2,N1,nested,edn-maps,2,1,1,1,1,,1
sonnet,M6-edn-maps-s2,M6,mixed,edn-maps,2,1,1,1,1,,1
sonnet,N7-edn-maps-s2,N7,nested,edn-maps,2,1,1,1,1,,1
sonnet,F5-edn-table-s3,F5,flat,edn-table,3,1,1,1,1,,1
sonnet,N5-toon-s1,N5,nested,toon,1,1,0,0,0,"Line 1: Expected 3 list-form items, but got 0",
sonnet,N6-toon-s3,N6,nested,toon,3,1,1,1,1,,
sonnet,M4-edn-table-s3,M4,mixed,edn-table,3,1,1,1,1,,1
sonnet,F2-toon-s1,F2,flat,toon,1,1,1,1,1,,
sonnet,F7-toon-s2,F7,flat,toon,2,1,1,1,1,,
sonnet,M6-edn-maps-s1,M6,mixed,edn-maps,1,1,1,1,1,,1
sonnet,M6-toon-s1,M6,mixed,toon,1,1,0,0,0,"Line 6: Expected 2 tabular row values, but got 3",
sonnet,F2-edn-maps-s2,F2,flat,edn-maps,2,1,1,1,1,,1
sonnet,F7-edn-maps-s3,F7,flat,edn-maps,3,1,1,0,0,,1
sonnet,M1-edn-maps-s3,M1,mixed,edn-maps,3,1,1,1,1,,1
sonnet,F4-edn-table-s1,F4,flat,edn-table,1,1,1,1,1,,1
sonnet,F7-edn-table-s3,F7,flat,edn-table,3,1,1,0,0,,1
sonnet,N5-edn-maps-s3,N5,nested,edn-maps,3,1,1,1,1,,1
sonnet,F7-edn-maps-s1,F7,flat,edn-maps,1,1,1,0,0,"EDN decode: unsupported value {\sym\"":\""name\""}""",0
sonnet,M1-toon-s2,M1,mixed,toon,2,1,1,1,1,,
sonnet,N4-edn-maps-s1,N4,nested,edn-maps,1,1,1,1,1,,1
sonnet,F4-toon-s1,F4,flat,toon,1,1,1,1,1,,
sonnet,M3-toon-s2,M3,mixed,toon,2,1,1,1,1,,
sonnet,F6-edn-table-s1,F6,flat,edn-table,1,1,1,1,1,,1
sonnet,F1-edn-table-s3,F1,flat,edn-table,3,1,1,1,1,,1
sonnet,N2-edn-table-s3,N2,nested,edn-table,3,1,1,1,1,,1
sonnet,N5-toon-s3,N5,nested,toon,3,1,0,0,0,"Line 1: Expected 3 list-form items, but got 0",
sonnet,N4-edn-table-s1,N4,nested,edn-table,1,1,1,1,1,,1
sonnet,M4-edn-maps-s2,M4,mixed,edn-maps,2,1,1,1,1,,1
sonnet,N4-toon-s1,N4,nested,toon,1,1,1,1,1,,
sonnet,N6-edn-table-s3,N6,nested,edn-table,3,1,1,1,0,,1
sonnet,F4-toon-s2,F4,flat,toon,2,1,1,1,1,,
sonnet,N5-edn-table-s1,N5,nested,edn-table,1,1,1,1,1,,1
sonnet,N2-edn-table-s1,N2,nested,edn-table,1,1,1,1,1,,1
sonnet,F3-edn-maps-s3,F3,flat,edn-maps,3,1,1,1,1,,1
sonnet,M5-edn-table-s1,M5,mixed,edn-table,1,1,1,1,0,,1
sonnet,F6-edn-maps-s3,F6,flat,edn-maps,3,1,1,1,1,,1
sonnet,F3-edn-maps-s2,F3,flat,edn-maps,2,1,1,1,1,,1
sonnet,M5-toon-s2,M5,mixed,toon,2,1,0,0,0,Line 2: Unexpected characters after closing quote,
sonnet,M5-edn-maps-s1,M5,mixed,edn-maps,1,1,1,1,1,,1
sonnet,M3-edn-table-s1,M3,mixed,edn-table,1,1,1,1,1,,1
sonnet,M5-toon-s3,M5,mixed,toon,3,1,0,0,0,"Line 2: Expected 3 tabular row values, but got 4",
sonnet,N1-edn-table-s1,N1,nested,edn-table,1,1,1,1,1,,1
sonnet,F7-toon-s3,F7,flat,toon,3,1,1,1,1,,
sonnet,M2-edn-maps-s2,M2,mixed,edn-maps,2,1,1,1,1,,1
sonnet,N2-toon-s1,N2,nested,toon,1,1,1,1,1,,
sonnet,N1-toon-s1,N1,nested,toon,1,1,1,1,1,,
sonnet,N6-toon-s2,N6,nested,toon,2,1,1,1,1,,
sonnet,M2-toon-s1,M2,mixed,toon,1,1,1,0,0,,
sonnet,F6-edn-maps-s1,F6,flat,edn-maps,1,1,1,1,1,,1
sonnet,M3-toon-s3,M3,mixed,toon,3,1,1,1,1,,
sonnet,M2-edn-table-s1,M2,mixed,edn-table,1,1,1,0,0,,1
sonnet,F4-edn-table-s3,F4,flat,edn-table,3,1,1,1,1,,1
sonnet,M1-edn-table-s3,M1,mixed,edn-table,3,1,1,0,0,,1
sonnet,F7-edn-table-s2,F7,flat,edn-table,2,1,1,0,0,,1
sonnet,F5-edn-table-s1,F5,flat,edn-table,1,1,1,1,1,,1
sonnet,N2-edn-maps-s2,N2,nested,edn-maps,2,1,1,1,1,,1
sonnet,F6-toon-s1,F6,flat,toon,1,1,1,1,1,,
sonnet,N1-toon-s2,N1,nested,toon,2,1,1,1,1,,
sonnet,N4-edn-maps-s2,N4,nested,edn-maps,2,1,1,1,1,,1
sonnet,N6-toon-s1,N6,nested,toon,1,1,1,1,1,,
sonnet,M4-toon-s2,M4,mixed,toon,2,1,0,0,0,"Line 1: Expected 6 inline-form values, but got 7",
sonnet,F3-toon-s1,F3,flat,toon,1,1,1,1,1,,
sonnet,M1-edn-table-s2,M1,mixed,edn-table,2,1,1,0,0,,1
sonnet,M1-edn-maps-s1,M1,mixed,edn-maps,1,1,1,1,1,,1
sonnet,M6-toon-s2,M6,mixed,toon,2,1,0,0,0,"Line 6: Expected 2 tabular row values, but got 3",
sonnet,F2-toon-s2,F2,flat,toon,2,1,1,1,1,,
sonnet,F2-edn-maps-s1,F2,flat,edn-maps,1,1,1,1,1,,1
sonnet,M5-edn-maps-s2,M5,mixed,edn-maps,2,1,1,1,1,,1
sonnet,N3-edn-maps-s1,N3,nested,edn-maps,1,1,1,1,1,,1
sonnet,N6-edn-maps-s2,N6,nested,edn-maps,2,1,1,1,0,,1
